Predicted Open,Predicted Close,Predicted High,Predicted Low,Actual Open,Actual Close,Actual High,Actual Low
1.646255,1.6254004,1.6408097,1.6794503,1.5999499066898943,1.6205395683539572,1.600003736811742,1.6125066781882385
-0.90778977,-0.91737,-0.90510315,-0.88512444,-0.8851361658141067,-0.8840702745578614,-0.8872324074263045,-0.8802057382370865
1.6222317,1.6016439,1.6168504,1.6553415,1.51681680032178,1.4938214729826738,1.4972479865863877,1.5151343167862603
1.3172665,1.2989241,1.3126228,1.3488737,1.1922018135510462,1.2146858245205017,1.2223861223904304,1.1827459473091382
-1.004237,-1.0133041,-1.0009123,-0.98176503,-0.9821247899102408,-0.9836556732213312,-0.9818628346115008,-0.9813848380477838
