Predicted Open,Predicted Close,Predicted High,Predicted Low,Actual Open,Actual Close,Actual High,Actual Low
-1.0742517,-1.0450758,-1.0454484,-1.0333219,-0.9475338991665246,-0.9461269053850734,-0.9497683312051634,-0.9444036554153836
-0.962104,-0.9337075,-0.9337577,-0.9208019,-0.8960630442302165,-0.9011222589823644,-0.9000522343061074,-0.8988848061775524
-1.0918759,-1.0625774,-1.0629947,-1.0510005,-0.967393879986289,-0.9702781057175616,-0.9713423366097682,-0.966119069730679
1.5661507,1.5780914,1.5956347,1.6152871,1.5732269426340075,1.5472177988201703,1.547830303368819,1.570260974254495
-0.6296537,-0.60350484,-0.6023263,-0.58719397,-0.5386805042950958,-0.5310948322014725,-0.5380883658510712,-0.5321055628046142
