Predicted Open,Predicted Close,Predicted High,Predicted Low,Actual Open,Actual Close,Actual High,Actual Low
1.0208313,1.0229794,1.0146229,1.0416232,1.1379673584442282,1.1462857293590911,1.1465891051139332,1.1615083540815463
0.88952655,0.8888476,0.88104326,0.9080527,0.9014338772301874,0.897594053887836,0.8967324424937272,0.918277805229692
-0.9244062,-0.9648186,-0.9535006,-0.93856525,-0.994990627800544,-0.9904759139238416,-0.9934068375545938,-0.9924544326310332
1.7433606,1.7598659,1.7490574,1.7770932,2.017198926270813,2.0222418613250146,1.9942244143730783,2.046675211435329
1.4431922,1.4537133,1.4436028,1.4714737,1.5670925360777348,1.608085215766764,1.5771474197464068,1.5978807885126325
