Predicted Open,Predicted Close,Predicted High,Predicted Low,Actual Open,Actual Close,Actual High,Actual Low
-0.567113,-0.57704973,-0.5935456,-0.56097925,-0.370051287910041,-0.3097176465385921,-0.345031662158591,-0.3276945173351037
1.3077347,1.272097,1.2853854,1.3127673,1.6344884592498248,1.5143236955400206,1.567497174185756,1.5279838218542328
0.8535637,0.82372165,0.8420698,0.85635865,0.539102750025384,0.5295882254858124,0.5345694224541344,0.5461154887061095
0.8292592,0.7999018,0.81784296,0.83165574,0.6314135496268557,0.4989997122470717,0.573412887108323,0.5546464092671813
0.62653047,0.6012574,0.6145004,0.6258357,0.3295250334883217,0.3256648038942053,0.358856583371632,0.3683202712983747
