Predicted Open,Predicted Close,Predicted High,Predicted Low,Actual Open,Actual Close,Actual High,Actual Low
0.8373338,0.83384514,0.8121806,0.8527481,0.8086686792009427,0.7820689335319017,0.8280561842640018,0.8184782683890004
-0.40153673,-0.37957332,-0.40166748,-0.38179928,-0.5542243883463663,-0.5427098111055354,-0.5419790582225701,-0.5518454531203674
-1.1519054,-1.1151868,-1.1359248,-1.1355011,-1.047874912125042,-0.9549464784608908,-0.9979059930467724,-1.0408608190375517
0.9295269,0.9240075,0.902446,0.94430864,0.674280087586574,0.6897172125983964,0.7478247137670144,0.7163524074405498
-0.63991123,-0.6131552,-0.6355011,-0.6202828,-0.6334654702544402,-0.6749467680364091,-0.6700841830161072,-0.6523502686569377
