Predicted Open,Predicted Close,Predicted High,Predicted Low,Actual Open,Actual Close,Actual High,Actual Low
-1.1912607,-1.2153754,-1.1906154,-1.1602799,-1.2003073416666554,-1.2310159944577972,-1.217573697595301,-1.194870382436288
-0.33618882,-0.34747738,-0.32137594,-0.29954484,-0.4117838020837032,-0.4359342250211207,-0.4528994131854484,-0.4694474281288698
1.4376774,1.4453413,1.4870936,1.4669181,1.5037370733402384,1.5865483378797116,1.5237244761000246,1.5668133194729332
1.6486479,1.6580831,1.703511,1.6747394,1.605412996326842,1.5745097511957784,1.540688610998158,1.6147428092885177
-0.7300093,-0.74624056,-0.7210844,-0.6954867,-0.635203264435846,-0.6020667212594036,-0.6267446868462315,-0.6031099490230338
