Predicted Open,Predicted Close,Predicted High,Predicted Low,Actual Open,Actual Close,Actual High,Actual Low
-1.4760052,-1.458972,-1.429426,-1.4840125,-1.243308890695361,-1.2568995502071365,-1.2526709706227368,-1.248125574855611
1.8080996,1.8707504,1.9254665,1.8250226,1.778282238199793,1.8088897329498124,1.79025388190656,1.816637529908785
1.464217,1.5331141,1.5642121,1.5013549,1.6720697509199505,1.7797251241733825,1.7356890009449149,1.721786892532245
1.8422039,1.9040996,1.9626085,1.8558601,1.787810535211705,1.787296705298032,1.7712284971361634,1.835543953429989
-0.01680871,0.00633212,0.021194704,-0.0037233941,-0.5645578506115119,-0.2957293907723827,-0.3106668925885469,-0.7040824311121496
