Predicted Open,Predicted Close,Predicted High,Predicted Low,Actual Open,Actual Close,Actual High,Actual Low
-0.67931956,-0.6572521,-0.6491757,-0.6626982,-0.6881337584010477,-0.7100778446578465,-0.7002446055602083,-0.6977850037849556
-0.9139729,-0.8875109,-0.8772323,-0.8975113,-0.8792338348972596,-0.867741386782129,-0.8838275838783579,-0.8636936609495408
-0.3411583,-0.32554895,-0.3193605,-0.3256869,0.237445489503057,0.1808059336895779,0.2572283784754234,0.19164586294885
-0.80461305,-0.78024757,-0.77081937,-0.7881659,-0.7877767820393975,-0.7781726719910939,-0.7924539618929969,-0.7699939530172103
-1.0104598,-0.98206013,-0.9713664,-0.9937916,-1.021500361565045,-1.0355767703337844,-1.0323125053857285,-1.0221521884314335
