Predicted Open,Predicted Close,Predicted High,Predicted Low,Actual Open,Actual Close,Actual High,Actual Low
-0.7300555,-0.7352384,-0.74131936,-0.7332595,-0.8219315305343136,-0.8298698739069743,-0.8256504085298604,-0.8166480446242071
1.6762828,1.7186202,1.6928902,1.6842711,1.8842707907293632,1.8077695683235808,1.8295045934883296,1.7735519654868752
1.5325702,1.5739093,1.546665,1.5420135,1.3954393728900931,1.5121574407261291,1.4737394338553618,1.300692843695058
1.3664683,1.4064397,1.378007,1.377154,1.6721523682163042,1.5842958348055458,1.6301536184364038,1.582146380916588
0.27356142,0.2952879,0.26965752,0.28485775,0.1819640355879948,0.1402574139868587,0.1517294627309768,0.1660027439911708
