Predicted Open,Predicted Close,Predicted High,Predicted Low,Actual Open,Actual Close,Actual High,Actual Low
-0.6623797,-0.6835788,-0.6746647,-0.6943719,-0.5861030657707913,-0.5760695905172725,-0.5989891054485217,-0.5652377998617452
1.3576288,1.3612623,1.3534724,1.3495,1.4843038629638516,1.4894694844672445,1.468406230945312,1.480750662928199
1.5445704,1.5508696,1.5402141,1.5393502,1.6459509797285958,1.653848921896462,1.6529416855683343,1.6898648749748868
-1.0079044,-1.0313547,-1.0219823,-1.0403014,-1.0385291914284374,-1.0267199973677132,-1.022362218299346,-1.0282680349488589
-0.107501715,-0.123402156,-0.116269715,-0.13623925,0.2635894294645769,0.2715989491071272,0.2431552385917043,0.2715708950082032
