Predicted Open,Predicted Close,Predicted High,Predicted Low,Actual Open,Actual Close,Actual High,Actual Low
1.7986262,1.771524,1.7632853,1.7914326,1.3716414447568537,1.384173747756316,1.3902278484284634,1.399255759502931
-0.7780022,-0.7714731,-0.77840555,-0.7655348,-0.6224783248653655,-0.6161470907247077,-0.5745283492953985,-0.6018465969865657
1.6856973,1.6590136,1.6523298,1.6807672,1.686661648708374,1.7366516537754997,1.7018597559041395,1.7166708285778596
-0.4915387,-0.48989594,-0.49551812,-0.48201033,-0.3884234318260524,-0.3742618896293921,-0.386615692069404,-0.4083430903531101
1.8603541,1.8331012,1.8239334,1.8517714,1.929092263566191,1.8925978339047391,1.880725406940474,1.9124066161014397
