Predicted Open,Predicted Close,Predicted High,Predicted Low,Actual Open,Actual Close,Actual High,Actual Low
-0.6587229,-0.6461525,-0.6461008,-0.64319766,-0.5848295939621548,-0.5937040996105846,-0.5956235677371229,-0.5795328116153418
-1.0681713,-1.042032,-1.0399368,-1.0401765,-1.1091142870605428,-1.0542894144361687,-1.0637485569539968,-1.092169933668564
-1.1041805,-1.0770546,-1.0744452,-1.0751929,-0.9007087851693832,-0.9268810527539394,-0.8515180996983036,-0.9057564347401196
-0.9506043,-0.9279381,-0.927173,-0.92590964,-0.5300413762564632,-0.4722515825166171,-0.4795424955106505,-0.5139341373088765
0.46088347,0.41786093,0.4163987,0.4232253,0.4725012342984311,0.4729175973872527,0.4473700742419099,0.4830241322767917
