Predicted Open,Predicted Close,Predicted High,Predicted Low,Actual Open,Actual Close,Actual High,Actual Low
1.2098265,1.1919547,1.2071729,1.2025505,1.385469184456947,1.4015610028866614,1.3764397006576945,1.435684201637042
1.5450133,1.5230535,1.541961,1.533851,1.4633746147935582,1.4135211044508054,1.4503891434903209,1.424936555570938
1.0390967,1.023121,1.0361084,1.0338866,1.1291911722852708,0.9949175497057738,1.0870549098043332,1.0370442384579128
-1.3996811,-1.3997606,-1.4089011,-1.3986813,-1.5666452537192623,-1.5890431027410885,-1.5720214851378855,-1.5803026503758564
-0.97802013,-0.9797901,-0.9890343,-0.9738842,-1.1562918978868129,-1.1623375437106698,-1.1552006303914713,-1.146682030427759
