Predicted Open,Predicted Close,Predicted High,Predicted Low,Actual Open,Actual Close,Actual High,Actual Low
1.959542,1.9116228,1.9135582,1.9501194,2.0103278815712287,2.0999210802597976,2.047799394512756,2.0522575452227567
-0.52050984,-0.5279197,-0.5389035,-0.51441926,-0.4062665812855439,-0.4062634760087291,-0.4192316585118916,-0.3892001047574147
-1.3353856,-1.3362529,-1.3466505,-1.3321127,-1.33751648380203,-1.325262223087612,-1.3333660590954906,-1.3299614169085234
1.0213623,0.99229616,0.98661,1.0235609,0.8155039296907629,0.8190037769826919,0.7958560874743172,0.8166029919656043
0.1339823,0.118871816,0.10890864,0.14044775,0.1446408491183183,0.1189338735624238,0.1181338793169927,0.1457771457854445
