Predicted Open,Predicted Close,Predicted High,Predicted Low,Actual Open,Actual Close,Actual High,Actual Low
-1.0559471,-1.0905832,-1.0815759,-1.0878481,-1.1751318160944897,-1.1629654286517546,-1.1733718718582034,-1.162607161419423
0.31461516,0.29257023,0.32642674,0.3192085,-0.0445936582987327,-0.0836437829130237,-0.0675415535448573,-0.0812805243678244
-1.2175514,-1.2577946,-1.2438308,-1.2563899,-1.3781274135595936,-1.3839575401263573,-1.3789164071280513,-1.3723612546602142
-0.08116436,-0.09648618,-0.0834145,-0.08723557,-0.0400018634456105,0.0011176936092699,-0.0232932888385173,-0.0438663230245163
0.026354484,0.008835572,0.027414579,0.022768032,0.1126753154206973,0.1432797185665247,0.1550234360250663,0.123043663279049
