Predicted Open,Predicted Close,Predicted High,Predicted Low,Actual Open,Actual Close,Actual High,Actual Low
-0.12974812,-0.12857345,-0.12536521,-0.13935304,-0.1256837837832335,-0.0941715714074182,-0.0997693537980146,-0.1048796406894004
0.17042957,0.17203143,0.17894053,0.15266836,0.1075969288946888,0.1277905189528708,0.1306815499727817,0.1298140932034713
-1.0388429,-1.0321666,-1.0400385,-1.0392084,-1.0584920280044596,-1.0743334778813134,-1.066482147026688,-1.062027468975442
0.11012645,0.11202606,0.11806405,0.094377294,0.1997766306001925,0.2063988107128314,0.1856914083240033,0.2132110496991003
-1.103536,-1.095258,-1.1030172,-1.106586,-1.1075706405166048,-1.081422401987923,-1.0904906869003146,-1.1000513686803457
