Predicted Open,Predicted Close,Predicted High,Predicted Low,Actual Open,Actual Close,Actual High,Actual Low
0.004323743,-0.0038935163,0.0069748894,0.01912396,-9.776355699573944e-05,0.0288606562073758,0.0035725238340793,0.0260515437859131
0.46701315,0.45561382,0.4701378,0.4814973,0.34980179840924,0.3551693810696515,0.3481910939599579,0.3692631605934172
-0.1819963,-0.1892204,-0.18018137,-0.16685145,-0.1361523187049826,-0.183421385196502,-0.1566790008745681,-0.1788198826495075
1.2771398,1.2576984,1.2757264,1.291598,1.3880051341623405,1.434716612428896,1.4133191892564656,1.431044113056147
0.062090583,0.053567953,0.06447872,0.07709502,-0.1841808364366217,-0.1324800037897767,-0.1504556406917084,-0.203449234461416
