Predicted Open,Predicted Close,Predicted High,Predicted Low,Actual Open,Actual Close,Actual High,Actual Low
-1.194532,-1.2123218,-1.1861713,-1.1966648,-1.1487354507993142,-1.200428527678634,-1.1617214915440883,-1.193714736647746
0.17837095,0.17333812,0.1903117,0.191269,0.2132860734597441,0.2200624531785711,0.1993378972041927,0.2268242037137059
1.0108,1.0064449,1.0215987,1.0284779,0.9454828896346243,0.8906351527481411,0.919642273273534,0.9108584952661346
0.26724637,0.26249677,0.2792586,0.2806691,0.2562823588578391,0.2486142430214533,0.2379284103312603,0.2781747667605553
1.6225691,1.6122273,1.6300334,1.6412814,1.6444481445677537,1.635032369701517,1.6221296584031606,1.6755179699201594
