Predicted Open,Predicted Close,Predicted High,Predicted Low,Actual Open,Actual Close,Actual High,Actual Low
0.17636362,0.20644888,0.20263231,0.19723803,0.1627958005805648,0.1949135157213619,0.1742810111871846,0.1949866121093647
-0.99752045,-0.96009386,-0.9672799,-0.9655762,-0.942554278436824,-0.9179748000039576,-0.9344254677073126,-0.9162444884365096
-0.92931414,-0.89219755,-0.8990791,-0.89815515,-0.9688721374610476,-0.9559806181416874,-0.9653167235406812,-0.942819545756916
-0.7111657,-0.67503196,-0.6816271,-0.68171823,-0.7115419603353065,-0.7055320216956217,-0.7239787873424886,-0.6895690921072671
-0.3276522,-0.29381558,-0.29902816,-0.30214617,-0.2768099186759098,-0.2913660548101044,-0.2992143661162213,-0.2745060672178119
