Predicted Open,Predicted Close,Predicted High,Predicted Low,Actual Open,Actual Close,Actual High,Actual Low
0.4174003,0.41215003,0.4128318,0.42027196,0.4093977270156831,0.3661728709862331,0.4048471274522118,0.3729969261236634
-0.42996484,-0.4366932,-0.44211504,-0.4285924,-0.3614173038789671,-0.3419568037374755,-0.366714397842569,-0.3388022852347761
-0.909198,-0.9178704,-0.9238285,-0.91089004,-0.9322107128326008,-0.9398679478223692,-0.9542026976287014,-0.9176009519103238
-0.24836928,-0.25438365,-0.25934315,-0.24602923,-0.2648214962098911,-0.2483198219558281,-0.2720205600480933,-0.2614649314747239
0.34222555,0.3368257,0.33747262,0.34459278,0.3967134290389355,0.4051882800619194,0.3947013591170898,0.3981192512304321
