Predicted Open,Predicted Close,Predicted High,Predicted Low,Actual Open,Actual Close,Actual High,Actual Low
1.2330197,1.2979232,1.3000637,1.4043971,1.2649319446488567,1.3130079823870036,1.269081995867703,1.3016863108910497
-0.062088706,-0.052579697,-0.03925756,0.0062089874,-0.4329178184006833,-0.2163212366414221,-0.2412818140431388,-0.481951725452962
0.35142544,0.37775752,0.38007665,0.43798473,0.408684536831464,0.3731585644390941,0.3930323084290203,0.4037066197557114
0.38214952,0.4097636,0.41125688,0.47068375,0.1450735902970326,0.2082213353288174,0.1957760874163368,0.1760081470309437
-0.99870485,-1.0212563,-1.0039445,-0.96504635,-0.9054648484846264,-0.8985172316004967,-0.905571146571147,-0.8786990642915723
