Predicted Open,Predicted Close,Predicted High,Predicted Low,Actual Open,Actual Close,Actual High,Actual Low
-0.49284557,-0.47852284,-0.5089852,-0.46167633,-0.6570454112850447,-0.6803752113223166,-0.6601461728518514,-0.6490929422514792
-1.6587392,-1.6443733,-1.6458541,-1.6497699,-1.7803263118408852,-1.8082617056748629,-1.8024814519550436,-1.804024161017048
-0.07542239,-0.059574217,-0.08928418,-0.043909997,-0.0086041168465253,-0.0252088652752899,-0.0356500669419307,-0.0294342869109269
0.31227344,0.33133432,0.30544278,0.33990622,0.0857892361413602,0.0461296479989166,0.0416995159282676,0.0748073560435583
-0.26242772,-0.24687144,-0.2778118,-0.23054719,-0.2823448405113941,-0.4643097142217016,-0.3255074511713073,-0.431922852762968
