Predicted Open,Predicted Close,Predicted High,Predicted Low,Actual Open,Actual Close,Actual High,Actual Low
-0.7050057,-0.7127865,-0.71359205,-0.70034075,-0.4715176837095674,-0.5001543880553682,-0.5024236316694453,-0.4735855171567712
0.02959157,0.017555093,0.019659089,0.021773085,0.0041667787417135,0.0222745901333655,0.0106313019194522,0.0456612997605798
0.00013570068,-0.011609322,-0.010211035,-0.006841484,0.1063900664773914,0.0890022789362873,0.0995164390776986,0.124471883830249
-0.24106394,-0.25116113,-0.25395632,-0.24143295,0.1027246896263112,0.0715066044330824,0.0999163858361146,0.0969702737642706
-0.018339252,-0.02991902,-0.02892942,-0.024787415,0.2053552414565538,0.2049619820389271,0.1855655901308136,0.2430982317267823
