Predicted Open,Predicted Close,Predicted High,Predicted Low,Actual Open,Actual Close,Actual High,Actual Low
0.36830762,0.39876398,0.37563008,0.40817466,0.5119383103008873,0.5211018376557924,0.5100738716770407,0.5424802774405322
0.31446955,0.3450583,0.3204276,0.35602334,0.2896276761408299,0.1254528965235344,0.2307458058098796,0.1540701465997015
-0.30121446,-0.2648864,-0.29461506,-0.259455,-0.3649536355526735,-0.4050950598804285,-0.3965172192953251,-0.3617351874122138
-0.40282103,-0.36548778,-0.39547575,-0.36187437,-0.3538381038446708,-0.4145544420488714,-0.3957004705647195,-0.3974224430236577
0.18866849,0.22035053,0.19398038,0.23080592,0.2278747222074806,0.2056520062125057,0.1954214232111817,0.2233698173800629
