Predicted Open,Predicted Close,Predicted High,Predicted Low,Actual Open,Actual Close,Actual High,Actual Low
0.6227775,0.63501495,0.6335104,0.6143675,0.8999298634259774,0.936271625761571,0.9275984782378192,0.9320005692960652
2.4191341,2.4088168,2.458835,2.3314755,2.980425982819137,3.0147921520357874,2.9827478484332675,3.0141804362647044
-0.2846282,-0.27814615,-0.2898778,-0.2804922,-0.3448634939846496,-0.3354421827234261,-0.343522914857181,-0.3053292571565526
-0.69019425,-0.6804645,-0.6932874,-0.68456775,-0.5174128792071142,-0.4844263777697306,-0.5076367980137652,-0.4855641383023332
-1.0522994,-1.0353262,-1.0577792,-1.0563747,-1.056772546922368,-1.0662287599633775,-1.0785019809744445,-1.0467237040110378
