Predicted Open,Predicted Close,Predicted High,Predicted Low,Actual Open,Actual Close,Actual High,Actual Low
-0.31061566,-0.30727232,-0.31654164,-0.27738273,-0.343897506798888,-0.316593501890409,-0.3541121978737762,-0.3208848194565501
-0.9215465,-0.9131655,-0.9188631,-0.8838521,-1.0573011307788311,-1.0497266801845615,-1.0694979229602233,-1.0466889104955888
-0.27978316,-0.2762075,-0.2832368,-0.24938244,-0.1388701832405498,-0.2443504514745618,-0.1736566121194594,-0.2069650499133117
-0.4421235,-0.43760106,-0.44544792,-0.4084191,-0.6457221169442486,-0.6885114281053258,-0.6663127059446581,-0.6587824409831045
-0.11994659,-0.11769421,-0.1269497,-0.089624174,-0.2249969028022312,-0.1679027790768401,-0.1909090132595452,-0.2309075099529077
