Predicted Open,Predicted Close,Predicted High,Predicted Low,Actual Open,Actual Close,Actual High,Actual Low
-0.6307007,-0.61914134,-0.64101267,-0.6296993,-0.6846808397603289,-0.6756250416333084,-0.6777272195421586,-0.6531064222381591
-0.5620963,-0.55116093,-0.5720333,-0.56040746,-1.0101101979232692,-1.051340756471702,-1.0259673833898455,-1.0249552225556275
-0.603492,-0.59221447,-0.6133199,-0.6025759,-1.0485977449659591,-0.9825423549753534,-1.0020001552026487,-1.021866135948629
0.6482677,0.6546253,0.6554326,0.66535366,0.7412637249302141,0.7366532557500741,0.7203296333683131,0.7759822693246151
2.1373024,2.1429439,2.1540956,2.1667254,2.1077621773568014,2.1023015254525976,2.1232939357422205,2.1220517583243
