Predicted Open,Predicted Close,Predicted High,Predicted Low,Actual Open,Actual Close,Actual High,Actual Low
0.01586797,-0.006078166,-0.014132877,-0.052640505,0.8536614924156778,0.7895777393114847,0.813863597361959,0.8524713368621675
0.841038,0.84459776,0.83492917,0.7592708,0.956198543437853,1.0247145512517144,1.0246279496836004,1.0116856257172908
0.7653859,0.76609594,0.7562415,0.68466693,0.8991040491186872,0.8058743500400155,0.8677255985108232,0.8547956330498331
-0.9875267,-1.0240746,-0.9920438,-1.055101,-1.2273745658298283,-1.330145699020978,-1.2926090127860046,-1.2905297481659206
-0.014867614,-0.039181504,-0.045720737,-0.08539931,0.1393977165452994,0.0830032598673303,0.0994192795143321,0.162155369125354
