Predicted Open,Predicted Close,Predicted High,Predicted Low,Actual Open,Actual Close,Actual High,Actual Low
-0.2813734,-0.26122263,-0.31347942,-0.24982603,-0.4114996015805736,-0.3507501671423054,-0.4365308979336083,-0.3770206739887764
1.2017422,1.194892,1.2025254,1.2136581,1.2841154420348202,1.2519715809155088,1.2321133774521444,1.2502794842907203
0.14580262,0.1591809,0.12397535,0.17321604,0.2655909712021322,0.3654823461237189,0.2857354481275869,0.2708042475750009
-0.10758689,-0.09006455,-0.13601054,-0.0775495,-0.1919651155247476,-0.2774532056718898,-0.2217089139765002,-0.250046113596182
1.2046732,1.1978545,1.2052307,1.2166206,1.008541889801586,1.0038007664881197,1.0358705921075424,1.0682123226423867
