Predicted Open,Predicted Close,Predicted High,Predicted Low,Actual Open,Actual Close,Actual High,Actual Low
-0.8953789,-0.87717646,-0.9163856,-0.89278376,-1.1213204722538268,-1.1274596566738806,-1.116651771607272,-1.0697135360868213
0.30304655,0.32167464,0.27484423,0.30549693,0.2324320829662486,0.0639446320994073,0.1883799882785138,0.1334021348449622
0.9572327,0.9777874,0.93288565,0.9553824,0.7297289399858683,1.1115984034048758,1.036708479356752,0.7648082598568712
-0.021405336,-0.0029127111,-0.049005706,-0.017907463,-0.0783784526710131,0.0202444747891899,-0.0638335965221078,-0.0060812182258508
0.025962312,0.044619787,-0.0016431466,0.029365234,-0.1900400154740294,-0.0947559391850657,-0.1772140153774328,-0.1157162817506457
