Predicted Open,Predicted Close,Predicted High,Predicted Low,Actual Open,Actual Close,Actual High,Actual Low
-0.85585594,-0.8647575,-0.89468306,-0.88893557,-0.3944383499747712,-0.3728237241666001,-0.3765393636356554,-0.3819133944793904
-0.13188222,-0.1436975,-0.15943447,-0.15502277,-0.1051399138104691,-0.1408467370338888,-0.1165902244917095,-0.1144549811570033
-0.7136535,-0.7227181,-0.7471825,-0.7406717,-0.6603106688691835,-0.6392513411595556,-0.6301329488671622,-0.6392278188349562
1.3126045,1.2734191,1.241052,1.1979133,1.135174210798336,1.2198119513397796,1.180208170402692,1.1583327454726715
-0.1521649,-0.16383708,-0.17951983,-0.17472999,-0.2078761389458896,-0.1270806042003896,-0.1494156128306817,-0.1767476457983283
