Predicted Open,Predicted Close,Predicted High,Predicted Low,Actual Open,Actual Close,Actual High,Actual Low
-0.39629024,-0.39928007,-0.3995514,-0.37890428,-0.2727458417580162,-0.3010923051279712,-0.290963261528145,-0.2700797960313713
-0.19826071,-0.20052432,-0.20285515,-0.17896278,-0.2895747292614265,-0.4055157733594147,-0.3165781929154818,-0.3800085007795222
-0.3686388,-0.37159294,-0.3719643,-0.35103184,-0.2603009501588557,-0.3108554749219679,-0.282564923368362,-0.2809616997250992
-1.248209,-1.2501475,-1.2357197,-1.2404621,-1.095947137197946,-1.098559333518779,-1.0791640945000658,-1.12702971191243
-0.04370038,-0.04507011,-0.048948385,-0.022940226,-0.0675465495945843,-0.0666347348576433,-0.0543400838762689,-0.044566660273198
