Predicted Open,Predicted Close,Predicted High,Predicted Low,Actual Open,Actual Close,Actual High,Actual Low
-1.1529814,-1.1703669,-1.151579,-1.1294976,-1.3187724243416936,-1.2832060452153489,-1.2879812116328129,-1.319685349382894
-0.17184977,-0.1981312,-0.16348918,-0.15144514,-0.2120148360691938,-0.2140227983737985,-0.2198022965200645,-0.183116599802747
-0.8186599,-0.8395651,-0.815691,-0.7959675,-0.9396179197356508,-0.8262689518386137,-0.8430023610573549,-0.9327820456842696
-0.4810113,-0.5050702,-0.47610685,-0.4590744,-0.5490725072659073,-0.5035460690028997,-0.5277611598723122,-0.5192303381760012
-0.65545213,-0.6777395,-0.65094244,-0.6335879,-0.9128740490991358,-1.0136450147616531,-0.912744750302202,-1.0014804845376264
