Predicted Open,Predicted Close,Predicted High,Predicted Low,Actual Open,Actual Close,Actual High,Actual Low
0.3289588,0.32803407,0.32938406,0.32598802,0.303397286559404,0.2810972766525321,0.2869908196805707,0.3059885252266639
0.88783765,0.8831135,0.8845375,0.87502635,0.8107185525382871,0.897597672340083,0.8713445546127644,0.8450679949169265
1.4383723,1.4298671,1.4340166,1.4178128,1.4676393297193682,1.4363211136341625,1.4420658253630598,1.4568138182162538
-0.24633224,-0.24331819,-0.23960342,-0.23979466,-0.2184614734482638,-0.2261923476103194,-0.2303059292757976,-0.204552922164231
-0.20281169,-0.20021074,-0.19630334,-0.19715907,-0.2026814585623175,-0.2055677878190794,-0.2196210249170122,-0.1966364496347541
