Predicted Open,Predicted Close,Predicted High,Predicted Low,Actual Open,Actual Close,Actual High,Actual Low
-1.0973179,-1.0489652,-1.0571713,-1.0646695,-1.0259693815778583,-1.0240895554576748,-1.0267808639476144,-1.021823135321391
0.7750556,0.810892,0.8069339,0.81433135,0.9259820557520012,0.939455497799826,0.9140148301207808,0.9310401696335068
-0.98787624,-0.9427864,-0.95229703,-0.95838296,-1.0236104528595489,-1.0334138185259034,-1.037457387841636,-1.0250892131503389
0.26133886,0.29373315,0.28862903,0.2937835,0.1840368967720216,0.2098762932734092,0.1943925759306405,0.2091113510579374
0.86118597,0.8974617,0.89362884,0.900367,0.6847505557690526,0.7367325369368616,0.7223282746901875,0.7139716123864935
