Predicted Open,Predicted Close,Predicted High,Predicted Low,Actual Open,Actual Close,Actual High,Actual Low
-0.8899184,-0.8715617,-0.8743875,-0.87003314,-0.9064439892164192,-0.899106958359747,-0.9096425778594768,-0.8967151160862041
-0.97330856,-0.9549387,-0.9569203,-0.95343316,-0.9603690775610356,-0.9645784045226088,-0.9629411684487894,-0.9591952847958124
-1.1457921,-1.1271416,-1.127129,-1.1258192,-1.1415275540735952,-1.1315492273743857,-1.1389223074872064,-1.1354471892844864
-0.07737453,-0.056828793,-0.06426408,-0.057781346,-0.0471216136602732,-0.0555564470773335,-0.0477773503115623,-0.0429870965551174
0.14950891,0.17106873,0.16319557,0.16855317,0.2364199798936776,0.1901788859589865,0.2198208729467597,0.2171164629221051
