Predicted Open,Predicted Close,Predicted High,Predicted Low,Actual Open,Actual Close,Actual High,Actual Low
2.2098217,1.4064615,2.0139017,1.8031182,1.0810190037066816,1.1526084858356982,1.1226319281579322,1.166140955140345
0.6489435,-0.17721279,0.22747001,0.118947096,-0.7159754239081769,-0.6195783411628027,-0.6458685155827841,-0.6403731648494827
0.36053976,-0.47323856,-0.108970016,-0.19200778,-0.298212616804551,-0.4067436857856827,-0.3269687506925636,-0.3080283284360684
0.66357714,-0.16432942,0.24415421,0.13342373,-0.6483961462884732,-0.5162366587831605,-0.6019036936270445,-0.6110486204600627
-0.13957773,-0.97984535,-0.6967912,-0.7302074,-1.3063725674766815,-1.3343583109553256,-1.3833691155476406,-1.2641306611327463
