Predicted Open,Predicted Close,Predicted High,Predicted Low,Actual Open,Actual Close,Actual High,Actual Low
0.24237862,0.24781078,0.2700248,0.2545972,0.338115639981822,0.2137418797698743,0.3989389701990627,0.2802948771120808
1.1251819,1.1403401,1.1452465,1.1546115,1.0171144145076108,1.063109350262321,0.9731513283756666,1.0698554658997712
-0.777219,-0.782983,-0.74028975,-0.78159434,-0.5859762750813511,-0.5774663345404945,-0.5871685439490691,-0.5832870168744548
0.8127491,0.823541,0.8357164,0.8363749,0.8779257174123059,0.7541383017950257,0.8288354700241621,0.8387645618643496
-0.015453716,-0.012001235,0.014499057,-0.008108909,0.3683740523938447,0.4972682536575106,0.4501970340532975,0.4587042766181785
