Predicted Open,Predicted Close,Predicted High,Predicted Low,Actual Open,Actual Close,Actual High,Actual Low
-0.18789256,-0.16482459,-0.12831587,-0.16722678,-0.2889917217214702,-0.4248597433948908,-0.3779165674934417,-0.3856813817406063
1.173365,1.1825557,1.21804,1.1923798,1.0036963987636107,1.049358585020424,0.9597637254847649,1.0562615421355623
1.2583696,1.2667534,1.302133,1.2772789,1.7339539037747254,1.6292900598014506,1.740532223018984,1.6890179143715591
0.835016,0.8471854,0.8834014,0.8543456,0.6223263343673605,0.6067317584741594,0.5736260808223491,0.647786802368585
-0.9751882,-0.94226474,-0.90356326,-0.95306176,-0.7281086728401813,-0.7295797083369456,-0.7880171924609115,-0.7313649196918407
