Predicted Open,Predicted Close,Predicted High,Predicted Low,Actual Open,Actual Close,Actual High,Actual Low
-1.0023233,-1.053544,-1.016963,-0.997893,-0.91111763385573,-0.94794788519082,-0.91517389818255,-0.9311258905431302
-0.14213093,-0.20648533,-0.16944948,-0.14085919,0.1397002114095558,0.1619836247436065,0.1298208270204238,0.189063529390495
-0.09123718,-0.15492035,-0.113476336,-0.09312037,0.3532299188539188,0.3474646164252275,0.3183376656918464,0.3409541146765581
1.2251062,1.1406481,1.1968502,1.2069232,1.2707960071757305,1.2156856319860998,1.2320618834296633,1.2353928497218485
-0.49241954,-0.55161506,-0.51605153,-0.4903423,-0.0091602070513569,0.1156135364536411,0.107100560748184,0.0405962628495743
