Predicted Open,Predicted Close,Predicted High,Predicted Low,Actual Open,Actual Close,Actual High,Actual Low
1.0539507,1.0430578,1.0538864,1.0481856,1.0943943567471046,1.072004955118363,1.07657900083153,1.126460797388712
0.8985278,0.8855606,0.89528525,0.89309,1.0638750891702464,1.0941676930270792,1.0434023148212297,1.0633973226035145
0.75134146,0.73598677,0.74543345,0.7458578,0.5883840443498595,0.6252814188973183,0.5641908037636808,0.5049197904165523
0.5082295,0.48944962,0.49653143,0.503098,0.2316956539966733,0.2280159232476708,0.240521369699696,0.201957973708284
-0.04882485,-0.07677338,-0.07154201,-0.056375425,-0.2331960185964304,-0.2196909339190167,-0.252926540226848,-0.2130358115039838
