Predicted Open,Predicted Close,Predicted High,Predicted Low,Actual Open,Actual Close,Actual High,Actual Low
1.5363306,1.5275642,1.5005533,1.493068,0.964443512141566,1.0345872561253868,0.9906885435197322,0.9888701505750312
1.2458262,1.2375928,1.2144346,1.2112054,1.3717857523682164,1.2959166803948037,1.3168493397885472,1.3345305047335725
0.52382165,0.5137896,0.50627,0.51040906,0.5090177909059699,0.5501840153259085,0.5291329665776746,0.5682953208231857
-0.8959915,-0.91803426,-0.9058918,-0.90087974,-1.0487208349971666,-0.9163269033939098,-0.980538776064446,-0.9773901161434692
-0.016582446,-0.028240737,-0.035956975,-0.012996788,-0.5743477555040303,-0.62135750129023,-0.6125801629382508,-0.5755246399481837
