Predicted Open,Predicted Close,Predicted High,Predicted Low,Actual Open,Actual Close,Actual High,Actual Low
-0.3375854,-0.33578935,-0.3506689,-0.33856365,-0.3476067466262287,-0.3633686424066242,-0.3839920005611102,-0.3411754146424358
0.44615975,0.45183006,0.43544763,0.45789313,0.2186492395256006,0.1775015457742405,0.1740413239138685,0.1647370061415482
0.95017797,0.9563145,0.9405944,0.968558,0.7145982743767006,0.6166615228209175,0.7877758026839023,0.6696857842192773
0.674333,0.6804853,0.6644244,0.68915045,0.7098478046942185,0.709816669467182,0.6837228217557453,0.7352134882446313
0.8183046,0.824483,0.8084788,0.8351609,0.7706538166299854,0.8096257551596091,0.7596533754060223,0.8111870792057921
