Predicted Open,Predicted Close,Predicted High,Predicted Low,Actual Open,Actual Close,Actual High,Actual Low
1.1015133,1.0480084,1.051212,1.0637796,1.0040686568552226,1.0507621848252082,1.0004029171021027,1.0248198835914666
0.62320006,0.5797423,0.58585197,0.5917907,0.5502501941048923,0.6498771142307165,0.6223069134354087,0.5945143160418082
0.8260862,0.77721065,0.7821797,0.79182744,0.7857041245694988,0.8417699679276063,0.8420430047856935,0.8428786033523491
-1.216738,-1.2761663,-1.2694746,-1.2740836,-1.4045870753573075,-1.3516983448749575,-1.3759328085453204,-1.402142023479663
1.8125104,1.7544986,1.7642182,1.7538397,1.6382752114937602,1.6150411704487353,1.6001090939216416,1.6785762975384997
