Predicted Open,Predicted Close,Predicted High,Predicted Low,Actual Open,Actual Close,Actual High,Actual Low
1.3744216,1.358102,1.3916364,1.3862396,1.430888060428898,1.4987665835520831,1.43631732112811,1.4917097285684155
1.5797663,1.5631013,1.597657,1.589684,1.8047247926447212,1.6462772341728966,1.7450809689518882,1.6648928965228615
-1.3004813,-1.3084677,-1.2635419,-1.2982969,-1.3210449327018337,-1.293467280457383,-1.315339260693526,-1.3052707945510154
1.4428164,1.4262823,1.4602726,1.4538363,0.8677548658442477,0.7659717385325571,0.834744378103666,0.813449187777467
1.0337837,1.0176835,1.0509338,1.0468888,1.2301767360076792,1.1209489816394187,1.1829246618198417,1.1800765071239254
