Predicted Open,Predicted Close,Predicted High,Predicted Low,Actual Open,Actual Close,Actual High,Actual Low
-0.5339581,-0.5342997,-0.53874904,-0.53069806,-0.7208950722260833,-0.7225357394339965,-0.7418439378740652,-0.7050147134227127
-0.24115008,-0.24455418,-0.24791928,-0.2431485,-0.3956042187708634,-0.4013629425421687,-0.417586546306982,-0.4061177397650261
-0.27804795,-0.28087604,-0.28447473,-0.2794908,-0.3464803462313062,-0.3968219389871429,-0.3823767790408593,-0.3723981647423622
-1.3997772,-1.4038844,-1.3978828,-1.4075183,-1.5787052162361688,-1.5688136746888124,-1.5895395556008904,-1.5771444624656827
0.35684544,0.3480596,0.3456785,0.34914333,0.5092657695208143,0.4705097400227923,0.4708459533149504,0.5072248231945334
