Predicted Open,Predicted Close,Predicted High,Predicted Low,Actual Open,Actual Close,Actual High,Actual Low
-0.5047377,-0.5279442,-0.5100117,-0.5126345,-0.6074571242419078,-0.6222575708511658,-0.6340954252669639,-0.6281053176627188
0.12595001,0.11007749,0.1318377,0.12576479,0.1582562625475609,0.1903798720743189,0.1542240442589425,0.1784767919850284
0.61279994,0.6021467,0.6272534,0.61767656,0.8505337749574367,0.9122428862394046,0.886183837165051,0.8839500790150812
0.04758671,0.030919204,0.051515404,0.04612245,0.0881208769041294,0.1237431891433901,0.0993986601061091,0.1125272101541456
-0.052084982,-0.06985143,-0.05013218,-0.0547073,-0.0377102561620284,0.0016103213566705,-0.032755064381691,-0.0010641831570932
