Predicted Open,Predicted Close,Predicted High,Predicted Low,Actual Open,Actual Close,Actual High,Actual Low
-1.3884289,-1.4084271,-1.4337758,-1.4171973,-1.349705618130579,-1.323321576435066,-1.342018742145395,-1.3238859985861628
1.0618919,1.0370432,1.0273063,1.0251851,1.2002706999174884,1.2894816522250228,1.2431150563532258,1.2274838975511215
0.23524281,0.21494614,0.19709525,0.20666392,0.1302871073880986,0.1505155968645286,0.137479509305477,0.1695785256487713
-1.5542138,-1.5740653,-1.5999179,-1.583974,-1.4940750311549762,-1.48626083682672,-1.5031805643935685,-1.4721924339314982
-0.052415386,-0.07220306,-0.09224049,-0.07941263,-0.1761885322608363,-0.1744966645597344,-0.1934339785086662,-0.1702990554932742
