Predicted Open,Predicted Close,Predicted High,Predicted Low,Actual Open,Actual Close,Actual High,Actual Low
-0.15818743,-0.16638929,-0.17392302,-0.16057503,-0.2136030547618022,-0.2139047705854223,-0.208101599872306,-0.1849279020135574
1.05746,1.0299022,1.0041484,1.0394655,0.4427662045146467,0.3811645474890795,0.4242729370237223,0.309277436925402
0.9833635,0.95691586,0.931809,0.96557194,0.7779402454326785,0.8624332160600174,0.8284386440294463,0.8159983656167118
0.3177499,0.30060372,0.28625298,0.30534756,0.3582578681315222,0.3293502852849425,0.334563259066844,0.3397641299118964
0.863442,0.8386966,0.81490713,0.84610766,0.8935832320622179,0.8939032280735723,0.8797462844047835,0.9226729089392446
