Predicted Open,Predicted Close,Predicted High,Predicted Low,Actual Open,Actual Close,Actual High,Actual Low
-0.53066003,-0.5338903,-0.52834594,-0.52726966,-0.6390548904905466,-0.6290707383868208,-0.6449903777081327,-0.632700912879724
-1.3526237,-1.3508881,-1.3424625,-1.346801,-1.3518848219897102,-1.344611295221859,-1.3499515323700066,-1.3447962002481588
-1.4642687,-1.4622692,-1.4532592,-1.4585577,-1.5055201887519127,-1.4674760121193209,-1.480103055336191,-1.502736107171257
-1.3463633,-1.3446333,-1.3362648,-1.3405316,-1.3213486000245518,-1.3277412693266115,-1.3392368791476088,-1.3213381876227546
0.37303245,0.362721,0.36715156,0.37066483,0.3807276888875518,0.3637175534534687,0.3877131108153184,0.3984876147219491
