Predicted Open,Predicted Close,Predicted High,Predicted Low,Actual Open,Actual Close,Actual High,Actual Low
-0.20732164,-0.2054405,-0.2430284,-0.23822351,-0.1440985441766004,-0.1586526101556739,-0.1592148294573465,-0.1288810315019602
-1.1703607,-1.1785957,-1.2076476,-1.215535,-1.0859001395234211,-1.1007232719784574,-1.0971124897785385,-1.0828651860648413
-0.44277027,-0.4430213,-0.47882947,-0.47700307,-0.4333207232881745,-0.4130339750750397,-0.4335777682878737,-0.4183226525207861
1.421196,1.428251,1.3848089,1.4046448,1.479554679152733,1.436722883725356,1.483895728542394,1.468431723248793
-1.3628776,-1.3735282,-1.4004757,-1.4110024,-1.3124416043500888,-1.3107486772475527,-1.3215479870238367,-1.3020758307453952
