Predicted Open,Predicted Close,Predicted High,Predicted Low,Actual Open,Actual Close,Actual High,Actual Low
0.74029386,0.79982,0.80913806,0.7970226,0.7328190478887937,0.6994344557239356,0.7087627938336282,0.7502968889616788
-0.663222,-0.64109284,-0.6445006,-0.62654376,-0.9511075018086856,-0.7177321609240694,-0.7205429608015899,-0.9675206663930288
-0.8276593,-0.8071498,-0.81748176,-0.78847927,-0.8840299297045541,-0.8633481271849721,-0.8715796328861639,-0.8449193279177187
-0.39131805,-0.361014,-0.36637485,-0.34717175,-0.3404221057773178,-0.3739225083644941,-0.3879851507071129,-0.3433234404135677
-0.5182436,-0.49082816,-0.49787036,-0.47533423,-0.5123083842941556,-0.5038993282345774,-0.539021822791688,-0.4880091274006805
