Predicted Open,Predicted Close,Predicted High,Predicted Low,Actual Open,Actual Close,Actual High,Actual Low
0.45464104,0.4737656,0.45994967,0.4734891,0.566285062593528,0.5639300635006844,0.529505482201993,0.5693073149707606
0.045723196,0.066594474,0.052091327,0.06140159,-0.0482111049407626,-0.0215861787615553,-0.0127370707014962,-0.0182719529944235
-0.88818854,-0.8618358,-0.8811124,-0.870836,-0.837880388107,-0.8546603571821784,-0.8659868849580196,-0.8321676375682073
-0.2838772,-0.26110062,-0.27731344,-0.26949978,-0.3540689258854315,-0.3303382114984147,-0.373703510376869,-0.3345526594350131
-0.4531886,-0.4293884,-0.44650525,-0.438555,-0.5236809902274753,-0.5201789883839149,-0.561240034026831,-0.5144812390989931
