Predicted Open,Predicted Close,Predicted High,Predicted Low,Actual Open,Actual Close,Actual High,Actual Low
-1.0184239,-1.0396681,-1.0375402,-1.0325075,-1.0310133653040066,-1.018744007463339,-1.0520153332874822,-1.0119409742337484
-1.0322657,-1.053455,-1.051239,-1.0463707,-1.122175703987917,-1.0850697066537864,-1.1081944679696676,-1.1013010778242462
-0.07372158,-0.095341496,-0.076798365,-0.080401875,-0.1359649491347106,-0.1330195661908985,-0.0983402664874505,-0.0918111575753402
1.5209464,1.5000274,1.5988944,1.5499893,1.0933453755422549,0.7844859392769643,1.1444518105062689,0.8408849236504811
-1.1402478,-1.1614271,-1.1583152,-1.1543835,-1.1567068928833373,-1.0850697066537864,-1.1123051363610472,-1.1236411037218703
