Predicted Open,Predicted Close,Predicted High,Predicted Low,Actual Open,Actual Close,Actual High,Actual Low
-1.42912,-1.4038837,-1.4345256,-1.410323,-1.4198162704593216,-1.4160573333891164,-1.4254536303503986,-1.4143328332675849
1.1746565,1.1672671,1.1645887,1.1790513,1.088170805440912,1.053757965416365,1.0591065350109952,1.0754971427935769
-1.0295103,-1.0084339,-1.0374057,-1.0119768,-1.0042656150816218,-1.0040381491675014,-1.0128234968804852,-0.9962397417934562
-0.27064282,-0.2577777,-0.28042182,-0.25543904,-0.2665703264800861,-0.2528859567222556,-0.2611343048018895,-0.2495047898069203
0.49095777,0.49416804,0.48159295,0.5018901,0.4868695378254155,0.4750912622867372,0.4642167936509668,0.488666745233509
