Predicted Open,Predicted Close,Predicted High,Predicted Low,Actual Open,Actual Close,Actual High,Actual Low
-0.704534,-0.70132,-0.70166695,-0.675726,-0.8715849922541858,-0.8729557285832236,-0.8769916171599567,-0.8614459663800049
-0.33660445,-0.33296517,-0.3381985,-0.31747454,-0.3945704141055026,-0.4056321380930157,-0.4099611118052454,-0.3935261202754807
0.5344996,0.55607426,0.5279542,0.5478816,0.3577318334596459,0.2959619683593469,0.3327959330988276,0.3187910800028951
-0.32002005,-0.31628287,-0.32172352,-0.30122107,-0.3500513721783925,-0.3917185217032815,-0.3673156003939702,-0.3844114474945714
0.8197606,0.8501434,0.8105747,0.83308107,1.056732962467532,0.9787726926855675,1.032734812699272,0.9898897629217868
