Predicted Open,Predicted Close,Predicted High,Predicted Low,Actual Open,Actual Close,Actual High,Actual Low
1.096214,1.1021327,1.0982957,1.0967427,1.1480324405553022,1.1787628114536406,1.1654835522045253,1.1687748048885596
1.5765454,1.5778946,1.5762384,1.5771457,1.6208974358231658,1.6896929617551024,1.677025440752802,1.6553058714749798
1.0524479,1.0587353,1.0545917,1.0529946,1.2279718641555415,1.2487749305171565,1.242298732595868,1.258242609916024
0.117862016,0.12785871,0.11791103,0.11633998,0.0740827804825559,0.0291919620062136,0.0506385124292732,0.042225287669592
-0.2997821,-0.28925425,-0.30172217,-0.3028611,-0.3258781639991712,-0.355874692843123,-0.3394262986682856,-0.3355079624959179
