Predicted Open,Predicted Close,Predicted High,Predicted Low,Actual Open,Actual Close,Actual High,Actual Low
-1.8725077,-1.8722017,-1.8557564,-1.8647451,-2.1639381892099787,-2.233200259903262,-2.1739931193025783,-2.194362491977849
0.20926271,0.2446949,0.22035156,0.24044302,0.2720386175703333,0.26631489781565,0.2812162952381728,0.3080853150576099
1.3528699,1.39749,1.3664552,1.3843973,1.3438549559769166,1.2831352162312004,1.3294664433615226,1.3313848427257071
0.94141275,0.98438996,0.9543313,0.9747272,0.9643794915316478,0.9805101214646676,0.934483369284926,0.9849532780837248
-0.692178,-0.6709504,-0.6817322,-0.6708038,-0.9255967134803388,-0.9599892361994,-0.9544492910949904,-0.9161652895430036
