Predicted Open,Predicted Close,Predicted High,Predicted Low,Actual Open,Actual Close,Actual High,Actual Low
-0.3849168,-0.3782938,-0.3880256,-0.36187136,-0.1576472550089193,-0.2726285459559536,-0.1927813314869779,-0.2288441878706672
1.3261664,1.3234658,1.3018335,1.3397527,1.4801333958037604,1.5193286194328794,1.476133355623404,1.529019278432589
-0.29807302,-0.29150647,-0.30205014,-0.27478898,0.0666525107042961,0.1026299045851589,0.100715206797888,0.0742922227054907
-0.2864912,-0.2799618,-0.2906692,-0.26325974,-0.1344325562251906,-0.1507022375484321,-0.1620931506207073,-0.1220090853324756
-0.91848814,-0.9128825,-0.92182726,-0.90262485,-0.7870598628776376,-0.7384328072983629,-0.7587170924622995,-0.7595786926577891
