Predicted Open,Predicted Close,Predicted High,Predicted Low,Actual Open,Actual Close,Actual High,Actual Low
-1.0700505,-1.0668503,-1.0525552,-1.0648433,-1.0403194037020984,-1.044130056659857,-1.057689932637858,-1.025024154820248
-0.35953683,-0.35410437,-0.35178033,-0.34664875,-0.412335280259951,-0.4557407467547832,-0.4473833207271755,-0.4978753353490854
-0.71121025,-0.7061451,-0.6979277,-0.7024148,-1.3097889585301674,-1.2384818797049886,-1.2071867513764805,-1.3559546121927597
0.2802016,0.2837562,0.27904186,0.29779327,0.3760632687667269,0.3756716832187317,0.3520417612136575,0.4116820126414228
-0.8124126,-0.807719,-0.79744875,-0.80467,-0.7805214046785011,-0.7561026550972596,-0.78366792412586,-0.7679680722753376
