Predicted Open,Predicted Close,Predicted High,Predicted Low,Actual Open,Actual Close,Actual High,Actual Low
0.46202007,0.45760077,0.43799055,0.45470703,0.3387899424069273,0.2812972170762707,0.2988808825518873,0.3225390873947231
0.35284358,0.35020217,0.3321583,0.34787866,0.5715121067933571,0.5759231900065838,0.5903528491419924,0.604363035853083
-0.5945431,-0.59931463,-0.6119649,-0.5811714,-0.8373189112992168,-0.8752270514741604,-0.7857489508946683,-0.8845058923304946
-0.8419625,-0.851455,-0.8539679,-0.83270663,-0.9283838350808734,-0.8680989285000082,-0.8911500293044897,-0.9006959590818202
-0.5865764,-0.5914009,-0.6040438,-0.57335734,-0.7379211353349289,-0.7148461505565217,-0.7309874726364777,-0.7070173017158824
