Predicted Open,Predicted Close,Predicted High,Predicted Low,Actual Open,Actual Close,Actual High,Actual Low
0.6125279,0.64280194,0.63759273,0.6289877,0.6640515110552156,0.630621389986442,0.6282985209955738,0.6140997518124583
-1.3014117,-1.2639531,-1.2997962,-1.2846239,-1.2799855198391117,-1.282963398715638,-1.296949045935467,-1.2815388635814633
-0.25659564,-0.2227407,-0.24199617,-0.23759863,-0.1856929496705433,-0.1468878282191633,-0.1788266382962521,-0.1857007549142426
0.74440515,0.7742005,0.7696298,0.7616761,0.736922224098121,0.6349334451330623,0.6924531797640859,0.6545249369371152
1.1657751,1.1938968,1.1967773,1.1813052,1.1639752926948763,1.1775330726185251,1.191488952408496,1.2061254613146997
