Predicted Open,Predicted Close,Predicted High,Predicted Low,Actual Open,Actual Close,Actual High,Actual Low
0.46462166,0.4623017,0.47762007,0.45820642,0.4456529448975467,0.448136395428431,0.4349972210161175,0.4823603852760648
0.48084226,0.47875223,0.49451983,0.4740407,0.4338385792768357,0.424044670939378,0.4001894186566954,0.4049960614164246
-0.019277737,-0.024191344,-0.013040105,-0.022711365,-0.3959069008004389,-0.2100320750639166,-0.2091800161793622,-0.3918304538660332
-1.3329673,-1.3477305,-1.3311133,-1.3508116,-1.327390527329545,-1.2854708688390082,-1.3022472562123308,-1.3017432247159415
0.5612025,0.5593024,0.57560384,0.5538213,0.2343218850452993,0.2769244127416883,0.287024614249723,0.2475008914321473
