Predicted Open,Predicted Close,Predicted High,Predicted Low,Actual Open,Actual Close,Actual High,Actual Low
0.37984732,0.37264195,0.36391175,0.36211592,0.3342749815768626,0.2710204147859202,0.316604006705362,0.2725611643630617
-0.3825946,-0.39675775,-0.40237373,-0.40199345,-0.3804107017150171,-0.377306428643407,-0.3860891982581704,-0.3724502633383404
-0.90419513,-0.9229585,-0.92526656,-0.92553014,-0.9437964905455676,-0.9455548971123424,-0.9480705100507671,-0.9435405640463452
-1.0144353,-1.0340185,-1.0355234,-1.0362313,-1.1064851406990768,-1.1298011581819254,-1.1028221416094566,-1.1270019316032247
1.6545182,1.6526667,1.6455102,1.6343648,1.6507491178207498,1.5922036038645853,1.6242672643182514,1.6106134933209273
