Predicted Open,Predicted Close,Predicted High,Predicted Low,Actual Open,Actual Close,Actual High,Actual Low
-0.9319782,-0.92715937,-0.93051696,-0.9211693,-0.9672005289139408,-0.9725354937196184,-0.9652905983662368,-0.9721168458116832
-0.99947286,-0.99391633,-0.99756694,-0.9879762,-1.017260479480686,-1.0142537140743753,-1.0175593582851057,-1.0138909386588946
-0.9791144,-0.9737785,-0.97734773,-0.96781963,-1.00575874029139,-1.0038515331460238,-1.0044022440231302,-1.0022562443645786
-0.6283023,-0.6268753,-0.6281675,-0.62075585,-0.6452613719868835,-0.6620030188479898,-0.6530778240660062,-0.6544896915768501
1.0700402,1.0497919,1.0705382,1.0542874,1.043522562121467,1.087534316659373,1.0620144252675354,1.0677220805127683
