Predicted Open,Predicted Close,Predicted High,Predicted Low,Actual Open,Actual Close,Actual High,Actual Low
1.4217542,1.4091668,1.3794278,1.4427955,1.6824859222088095,1.6603652785169618,1.663472421315593,1.6959330200941247
0.71462053,0.69982624,0.6850498,0.7265159,0.7368938234280223,0.7095903079452597,0.7307312847434977,0.7336132142537539
-0.7789564,-0.8034493,-0.8049768,-0.7888255,-0.8745792812492592,-0.8768351485762098,-0.8801522835006349,-0.8720386439972256
-0.6837725,-0.70706344,-0.70901036,-0.69258356,-0.780009263369137,-0.7866298195877572,-0.7844826887044505,-0.7797748798112353
-0.27204233,-0.2893479,-0.29521623,-0.27475193,-0.3164540557258868,-0.3006013463912921,-0.3121207452359155,-0.3035889120456261
