Predicted Open,Predicted Close,Predicted High,Predicted Low,Actual Open,Actual Close,Actual High,Actual Low
-0.7982703,-0.8119691,-0.8048561,-0.79875827,-0.8014342691915154,-0.8236853232766282,-0.7892653580579645,-0.8122258686938024
-1.1577141,-1.1695035,-1.1597184,-1.1539241,-1.1407477378055038,-1.15877976753377,-1.1537452206526984,-1.1496603867520796
1.0852218,1.0606229,1.0608852,1.0562714,1.120437217038115,1.103322351896381,1.115466066728921,1.1308068426627744
0.28395605,0.2655577,0.2672866,0.2671529,0.3432307878759689,0.2871913911607972,0.3154000499336062,0.2979958889638633
-0.169602,-0.18628287,-0.18259816,-0.17884597,-0.188812730910765,-0.1955620908731896,-0.1982208317820565,-0.1847972620342201
