Predicted Open,Predicted Close,Predicted High,Predicted Low,Actual Open,Actual Close,Actual High,Actual Low
-0.9890367,-0.96578455,-0.9887133,-0.98992234,-0.9068090700799945,-0.9360869907769984,-0.9208168366858666,-0.9258882749307016
-0.8778119,-0.8547092,-0.87771356,-0.8782808,-0.7760105432253193,-0.7836474336696254,-0.7749193341666656,-0.7671666483792551
0.27313012,0.29246527,0.26550457,0.27595657,0.4117428916842741,0.3500681467686992,0.3837782730497778,0.3398371914485938
0.054523356,0.07486742,0.048792623,0.057033185,-0.0440528481848555,0.0045766177148405,-0.0146123878989698,-0.0316697122282895
-1.0476271,-1.0241911,-1.0469439,-1.0488058,-1.007621035101174,-1.027902508634747,-1.0211920564422934,-1.020713605154033
