Predicted Open,Predicted Close,Predicted High,Predicted Low,Actual Open,Actual Close,Actual High,Actual Low
-0.07695665,-0.06895777,-0.07853547,-0.07155726,-0.0674926024008268,-0.0544049229156849,-0.0743302100078539,-0.0462236792656529
0.5191411,0.5280265,0.5168545,0.52386874,0.4622754295096958,0.4593624801957912,0.4470768475758465,0.4532609885801855
-0.9390245,-0.9384542,-0.95696986,-0.9567143,-0.935922513012398,-0.9185269751190976,-0.9330348690425984,-0.96774678597078
1.4911622,1.4847503,1.4781462,1.4833313,1.3582108734167833,1.3546176031825583,1.3259229109024533,1.3776847031125243
0.86160064,0.87396383,0.8624457,0.8652096,0.6823196958738289,0.6662467570142078,0.6709017487910476,0.6841493716262295
