Predicted Open,Predicted Close,Predicted High,Predicted Low,Actual Open,Actual Close,Actual High,Actual Low
0.45013502,0.45409456,0.44748408,0.45368412,0.4983776120544429,0.553476932756678,0.5199754575935959,0.522567193277804
-0.92992085,-0.92599905,-0.9329335,-0.9382061,-0.9044528672869052,-0.9232436073796496,-0.9202301091108496,-0.9227325541426976
0.35970643,0.3639915,0.35685685,0.3630315,0.4086872499879944,0.3726838852158241,0.3924402728187621,0.3991778033894754
-1.2193366,-1.2162224,-1.2206904,-1.2321259,-1.238320664040378,-1.2504277865325315,-1.251923037967852,-1.2476652175293814
-0.7655374,-0.76119626,-0.76922196,-0.77157056,-0.7166522316130761,-0.7376928480614051,-0.7318258588752994,-0.7166461379446589
