Predicted Open,Predicted Close,Predicted High,Predicted Low,Actual Open,Actual Close,Actual High,Actual Low
0.36289424,0.36813596,0.35560378,0.32976988,0.1569391137647388,0.1969554517067532,0.1701942107828911,0.1528129077106351
0.4270333,0.43373004,0.42112693,0.39616063,0.5887332315594684,0.583772401719168,0.5847026405857282,0.5775690206499325
1.126378,1.1468719,1.1294507,1.1095865,1.0763250689678747,0.9611103312788756,1.0479066962532375,0.9939773043041542
0.42601815,0.432692,0.42008948,0.3951285,0.2138309063120174,0.1973200294164729,0.2194673978142305,0.222961186440532
1.382542,1.406746,1.3892717,1.3624653,1.0442322629155638,1.0431403159657684,1.0374384001073855,0.994640122685854
