Predicted Open,Predicted Close,Predicted High,Predicted Low,Actual Open,Actual Close,Actual High,Actual Low
1.1499189,1.1589307,1.1395723,1.1337798,1.1088123299859458,1.1346426202396631,1.105088981757949,1.0962291435686846
0.6498033,0.6568841,0.63905585,0.63728493,0.6373941148452188,0.5883541959719664,0.6217000340495049,0.6119061335191729
-0.6341017,-0.6353456,-0.6468488,-0.6467124,-0.585869122806666,-0.5993091457659352,-0.6045595946959312,-0.5788757847572295
0.35160485,0.35716048,0.3402456,0.34028518,0.5108623071973956,0.5516412642335459,0.5439216620122063,0.5440415769808418
0.27796793,0.28317788,0.26644635,0.26707613,0.2166620809973775,0.1687253862018208,0.1859630599756873,0.1889579000111576
