Predicted Open,Predicted Close,Predicted High,Predicted Low,Actual Open,Actual Close,Actual High,Actual Low
1.153624,1.1681845,1.1825114,1.1898621,1.0560435082405524,1.0150255910131651,1.033112155938024,1.0286702447417773
0.9487799,0.9623885,0.97601473,0.9833037,0.9702473757497152,1.0474283399497446,1.000618574850723,1.0008565800276863
-1.2379402,-1.2151339,-1.2063833,-1.2165705,-1.1345907614429398,-1.0947983991199202,-1.1122665064679569,-1.122798525789369
-0.112010114,-0.09510969,-0.09092306,-0.076335445,-0.0548545280205207,-0.011736515914723,-0.0447921944518172,-0.0172053534042565
0.10136668,0.11650909,0.12319864,0.13591008,0.1940351959505394,0.1911856993006107,0.17102936881939,0.1938512788379621
