Predicted Open,Predicted Close,Predicted High,Predicted Low,Actual Open,Actual Close,Actual High,Actual Low
-1.1864737,-1.1939287,-1.2056775,-1.1950198,-1.206954714693077,-1.1941262709945055,-1.215003487266036,-1.1763188670290514
-0.100354694,-0.10483151,-0.12091401,-0.09317217,-0.0567506571892161,-0.0929193704480845,-0.0786971413834007,-0.0605411577410182
0.9786266,0.9848157,0.97433203,0.9887087,0.9965855426763154,0.9907757339727842,1.0530914085908631,1.014718909384851
-1.6031575,-1.6083246,-1.6179434,-1.6199375,-1.7767656419773676,-1.7414717126862187,-1.7589541821267864,-1.7499417299238575
1.1307678,1.1380279,1.125572,1.1438059,1.0218200265989057,1.1043987832525366,1.08540171682842,1.0533854917528047
