Predicted Open,Predicted Close,Predicted High,Predicted Low,Actual Open,Actual Close,Actual High,Actual Low
-0.5775686,-0.5558506,-0.5779725,-0.55337435,-0.4846974858246674,-0.5001280142173543,-0.5048922217568913,-0.4905456470685421
-0.45725462,-0.43803337,-0.45808798,-0.43516782,-0.2698740609027162,-0.2742585306799924,-0.3110181672424243,-0.2638843455859914
-0.045057155,-0.02979011,-0.04339821,-0.028556054,0.0087940828278149,0.0621342766523418,0.0385124690280106,0.0490178270962771
-0.9954234,-0.95915306,-0.990627,-0.9612139,-0.7288332659228856,-0.729614624715279,-0.7634573108886078,-0.7159894303694504
-1.7166191,-1.649477,-1.7095289,-1.6560128,-1.6102116167708913,-1.61118884560354,-1.6325067174698829,-1.587732448425886
