Predicted Open,Predicted Close,Predicted High,Predicted Low,Actual Open,Actual Close,Actual High,Actual Low
1.8742231,1.8890904,1.8785802,1.8974459,2.092784628333315,1.9946570407024824,2.055570886250377,2.0272430780826114
-0.20836605,-0.19724606,-0.2022151,-0.19667935,-0.1897806866908348,-0.1841267746897594,-0.1973293319473345,-0.179291721711608
-1.3355322,-1.3280983,-1.3191117,-1.3299736,-1.3464393562843913,-1.358410664519133,-1.349848101252234,-1.3526299779896256
-0.13956244,-0.12780055,-0.13367236,-0.12782708,-0.1103992654663439,-0.1200254167027085,-0.1224729557132207,-0.1044057016791601
-0.9883163,-0.9812377,-0.97587305,-0.97973526,-0.9465159032942771,-0.9510616215130172,-0.951063135837716,-0.9529156208154372
