Predicted Open,Predicted Close,Predicted High,Predicted Low,Actual Open,Actual Close,Actual High,Actual Low
0.44396713,0.43534267,0.44846168,0.42051303,0.3573779923010132,0.342986617961541,0.3500354022550944,0.3660959249820213
-1.1203676,-1.1249467,-1.1123574,-1.1499022,-1.125498132305362,-1.1322435186447914,-1.1315157358124637,-1.1242002211492226
-1.0331515,-1.0379282,-1.0254662,-1.0620977,-1.0851472597474234,-1.0768264601918425,-1.0788769751291392,-1.0785652145730031
-0.9839697,-0.9889164,-0.9766209,-1.0125781,-1.0227398773269183,-1.0218521478783311,-1.0246320386690693,-1.014661291965454
-0.056056295,-0.06342104,-0.0514315,-0.0804338,-0.1353895190098308,-0.1598254143931784,-0.14857266443945,-0.1423764767226194
