Predicted Open,Predicted Close,Predicted High,Predicted Low,Actual Open,Actual Close,Actual High,Actual Low
1.7421279,1.7493504,1.7444602,1.7156774,1.5952744254839564,1.6085521653235664,1.583423084670755,1.6196919693652734
-1.1897876,-1.2025766,-1.2092172,-1.2076834,-1.1482251933829026,-1.138019595843749,-1.1431708913560323,-1.14279586297652
1.2478721,1.2619138,1.2499068,1.2230154,0.9819346637122764,1.0046970001056743,0.9977880472395704,1.0076003889977143
0.048171904,0.049387358,0.036505774,0.032716863,0.1434013500094018,0.0989508273948403,0.1313145540880788,0.1176079214383395
-0.19718096,-0.19809824,-0.21066217,-0.20624797,-0.1691927522815783,-0.1758014440235003,-0.1838325170990892,-0.1617343987366505
