Predicted Open,Predicted Close,Predicted High,Predicted Low,Actual Open,Actual Close,Actual High,Actual Low
1.1287144,1.122368,1.1260889,1.1333636,1.0230455449879274,0.9962252711237328,1.006038138296174,1.016374329889508
1.3914254,1.3848622,1.386552,1.3952701,1.311558848642726,1.2570225556697754,1.2953194998119224,1.2918084854836134
-0.6170167,-0.6285474,-0.61295384,-0.61262035,-0.5754246442921475,-0.5843693755474662,-0.584844798640261,-0.5701608698888494
-1.2534258,-1.2701901,-1.2473016,-1.2522764,-1.299702851217948,-1.2991902671398428,-1.3014661464224468,-1.3092426048725732
-1.1537776,-1.1695311,-1.1478369,-1.1520845,-1.2476240368904092,-1.2823807420989042,-1.254568997371259,-1.299987255276921
