Predicted Open,Predicted Close,Predicted High,Predicted Low,Actual Open,Actual Close,Actual High,Actual Low
-1.0391859,-1.0385318,-1.0285642,-1.0352142,-1.0899813555438271,-1.1001826944268658,-1.0935705194372751,-1.0959478931315814
-1.0108175,-1.0105596,-1.0008082,-1.0065851,-1.1217656791525,-1.115251418205363,-1.0654057216396309,-1.1255806818304892
-1.0914189,-1.0899113,-1.0795447,-1.0878875,-1.1058735173481635,-1.0984439955293468,-1.107652918336097,-1.0997984814935862
-1.2146945,-1.2102875,-1.1992685,-1.2117832,-1.267609372377713,-1.279020295314526,-1.2718225772197254,-1.272654741401696
1.312371,1.3167288,1.3594499,1.3575525,1.3355598398430304,1.3768836682384202,1.3513549903111806,1.3658336968293907
