Predicted Open,Predicted Close,Predicted High,Predicted Low,Actual Open,Actual Close,Actual High,Actual Low
-1.2717206,-1.2704166,-1.2710505,-1.2832077,-1.2375836842953292,-1.2503881130433872,-1.2450578088703883,-1.2469597452966406
-1.1402985,-1.1387311,-1.1403669,-1.150068,-1.1223411792806015,-1.1145064393685102,-1.1207231049368571,-1.1131063434017174
-0.56854725,-0.56887424,-0.5729471,-0.57314956,-0.5084340596272181,-0.5268763408050896,-0.5230295942180729,-0.514124965913332
1.0834867,1.064992,1.0679979,1.083251,1.0279112665921772,1.0227229169896437,1.0152058565337003,1.0318230446798513
0.63900906,0.6253672,0.6251722,0.6377355,0.8748081115149743,0.8846817546133318,0.8719170907323631,0.8660010166234492
