Predicted Open,Predicted Close,Predicted High,Predicted Low,Actual Open,Actual Close,Actual High,Actual Low
0.85739475,0.86264867,0.8656697,0.8809251,1.0477083648961738,1.166949452029601,1.1076619355113593,1.0987085215345356
0.835266,0.8402526,0.8432678,0.85840595,1.281273675007504,1.2318835009160545,1.2255367940217927,1.2407221059317477
0.24822648,0.25434566,0.25443283,0.26784304,0.2352347504374731,0.3361266214055003,0.2991400186862752,0.2666759917720408
-0.8493416,-0.82316905,-0.83400697,-0.82939947,-1.0326912187383204,-1.059955429653234,-1.082154097943027,-1.028153748320194
-0.25846392,-0.24771647,-0.2499493,-0.23806654,-0.1017666255803031,-0.1850107452985942,-0.1574341339750527,-0.1242790523332269
