Predicted Open,Predicted Close,Predicted High,Predicted Low,Actual Open,Actual Close,Actual High,Actual Low
-0.4511629,-0.41441426,-0.43665582,-0.44845095,-0.5880797892817878,-0.5628827562964639,-0.5558716870199547,-0.5353561893974353
-0.9617017,-0.9315824,-0.95041376,-0.9713632,-0.9133728048128094,-0.959995637135869,-0.9657071359556284,-0.8981819439099352
-1.8615495,-1.8451414,-1.8530936,-1.8972719,-1.6738317427164455,-1.6506267342478769,-1.69411215654298,-1.6957058577667663
0.0839122,0.12675318,0.103576645,0.09624071,0.1074935737153958,-0.0181474784493688,0.0554374910143487,-0.026187827456265
0.40591243,0.45330808,0.43152803,0.42083025,0.5469852010817752,0.4264462903164866,0.5272648565957533,0.4881761300149163
