Predicted Open,Predicted Close,Predicted High,Predicted Low,Actual Open,Actual Close,Actual High,Actual Low
-0.95901895,-0.9874862,-0.95440304,-0.9689652,-0.997989189049184,-0.9888993150615172,-0.9980193193053472,-0.9831220126587732
-0.25086805,-0.27425382,-0.25988686,-0.2552714,-0.4155076715961384,-0.5368392487048324,-0.4763497218692669,-0.5123955892493883
1.516993,1.5000908,1.4690752,1.5119835,1.5649294877442164,1.622623487936644,1.5949854444210505,1.627737658163767
1.2299786,1.2113132,1.1897373,1.2240676,1.4175959274472696,1.5234950045767663,1.4756492620010315,1.4639694489266226
-1.1700495,-1.2022511,-1.1587692,-1.1839495,-0.4189340334635097,-0.5359846928137986,-0.4746449192632669,-0.5209698410419097
