Predicted Open,Predicted Close,Predicted High,Predicted Low,Actual Open,Actual Close,Actual High,Actual Low
0.3338177,0.3243323,0.30935156,0.33310318,0.3142626534393722,0.3311760096741801,0.298317942132314,0.3377792047963284
0.2337917,0.22477052,0.20979351,0.23212372,0.1822357679775929,0.2486010752621508,0.2133356238010631,0.2184819477320782
-0.9478835,-0.9490359,-0.9669479,-0.95652264,-0.9716126427808092,-0.9207486670826982,-0.950756587366294,-0.9410427938269884
0.22745684,0.21850017,0.20355435,0.22575559,0.3015037527434858,0.1804351898079247,0.2823147782907145,0.1794594804680718
-1.2235198,-1.2223535,-1.2414637,-1.2324723,-1.2012728553067604,-1.171244441272211,-1.197977877057205,-1.2036082521319498
