Predicted Open,Predicted Close,Predicted High,Predicted Low,Actual Open,Actual Close,Actual High,Actual Low
0.3274039,0.3300969,0.32493213,0.33827877,0.1167968729695845,0.2185331350333584,0.1926081586546448,0.1450809907539995
0.5194452,0.5222108,0.51649624,0.53485864,0.5037748624989723,0.4627172336459143,0.4706810345676476,0.4863787702734249
-0.8676116,-0.8708528,-0.87580544,-0.8777761,-0.8214159505656933,-0.8605492141884148,-0.8260691696402009,-0.8586701837670655
-0.59759283,-0.6003759,-0.6040875,-0.6041204,-0.4372219753494669,-0.4578401312829695,-0.471000019321008,-0.4994682584367849
1.0412278,1.0444071,1.0390475,1.0666327,1.093985896889117,1.0651121739588936,1.0650479585808994,1.0844891412673046
