Predicted Open,Predicted Close,Predicted High,Predicted Low,Actual Open,Actual Close,Actual High,Actual Low
0.6337247,0.64807606,0.7018203,0.6218851,0.5346914014906309,0.5589492418725274,0.5385909236672659,0.5540504455392782
1.1758627,1.1917158,1.2648476,1.1557883,1.134760453252628,1.1452922454353835,1.146409723816828,1.1643571829612698
-0.19658643,-0.2140921,-0.14904325,-0.2104458,-0.5801939953210735,-0.540649961622576,-0.5621574344793763,-0.5770071493569139
1.109546,1.1258025,1.1954896,1.0906596,1.0649082354948147,1.0562692214642655,1.0435564975088916,1.091385725226032
0.10339147,0.102745645,0.15686344,0.093755186,0.1183281822570538,0.1610932581991368,0.1310076598406016,0.1455208450366943
