Predicted Open,Predicted Close,Predicted High,Predicted Low,Actual Open,Actual Close,Actual High,Actual Low
-0.20304428,-0.19668019,-0.20533147,-0.20597929,-0.3362129489442092,-0.3063695715804191,-0.3262454230839881,-0.3241715953094008
-0.96128494,-0.95616335,-0.96827435,-0.96945935,-1.0679444004892598,-1.0365827554293987,-1.0481713494907996,-1.0516392400803098
-0.18892244,-0.18264785,-0.1911254,-0.19181009,-0.2630060678998219,-0.2604569534558416,-0.2831304024791371,-0.2676097081749883
1.3937085,1.3924606,1.3979495,1.3955878,1.4625846995750211,1.489961612543676,1.4516642831757491,1.4997788976454831
-0.15400778,-0.14772266,-0.15590587,-0.15667857,-0.2312943314105482,-0.2354750877115863,-0.2567266301707396,-0.226040128473793
