Predicted Open,Predicted Close,Predicted High,Predicted Low,Actual Open,Actual Close,Actual High,Actual Low
-0.30628395,-0.28594783,-0.30955902,-0.27759162,-0.327898933967457,-0.3452541945654521,-0.3377497134639485,-0.3232633922045123
0.50578994,0.53709835,0.51048607,0.53008544,0.4990030223437175,0.4689975296574023,0.469245688922947,0.4792074991665159
1.3418777,1.3677305,1.3224318,1.3611199,1.6058981390441174,1.564731411532904,1.5699355893378435,1.5725317642454395
-0.14108191,-0.11905496,-0.14279425,-0.11409998,-0.1971236854024292,-0.2415855572416522,-0.2108364801532055,-0.2420005171289649
-1.0998087,-1.077169,-1.0991908,-1.0573145,-0.9562907693799224,-0.9206319065729496,-0.9307866806358742,-0.9381524802761524
