Predicted Open,Predicted Close,Predicted High,Predicted Low,Actual Open,Actual Close,Actual High,Actual Low
1.6220467,1.5914494,1.587008,1.5816783,1.5652767604703546,1.5132364819809163,1.5423374254973103,1.5480626052088644
-0.2763005,-0.29252362,-0.2971745,-0.30264857,-0.3260051870167715,-0.3221917188357153,-0.3251426982659446,-0.3120739094546503
-1.0901123,-1.101341,-1.1041412,-1.1110228,-1.086780200413042,-1.0881098487357772,-1.0938488536423858,-1.093080688818484
1.2757968,1.2483017,1.2428089,1.2369674,1.1079322437465848,1.0654637529231246,1.107050025395306,1.0659782130597593
-1.5090507,-1.5176548,-1.5197531,-1.5286288,-1.531270359418244,-1.5118524464533545,-1.5190834269521958,-1.5343940857446616
