Open,Close,High,Low
165.2617230694347
170.84944581025718
173.71597362163763
177.27922092485926
181.52020334810126
162.16727581186075
177.1901083156277
183.29170895539
179.0310628097436
190.13231999812768
