Open,Close,High,Low
169.56221917114283,168.57708650344392,171.35858228430135,169.3299204986526
170.1696731952519,169.17747154535198,171.97182557104495,169.93240712992383
170.45777646777904,169.4634725217225,172.26342058090364,170.21745167028797
