Open,Close,High,Low
164.46319137681294,165.5221839114679,166.83816345633988,164.3043920945519
165.07674838470507,166.15284391125596,167.47480027575415,164.9267884206491
165.35840007586552,166.4391736883386,167.76486472406614,165.20779013002578
