Open,Close,High,Low
258.69273458154714
252.77374384643298
253.29961357373114
245.40921461192644
248.67815884258167
252.89112668635087
248.40577430061694
250.27310117748496
253.17171693628995
246.1931632222642
