Open,Close,High,Low
235.85243294648427,236.0347477692577,239.72578787406425,234.7029278472953
235.17207187408843,235.36204588052124,239.05834305191505,234.01537003838064
233.94381688183768,234.12203819590468,237.80825160149084,232.79823591647659
