Open,Close,High,Low
155.27478799015833,154.64486156287836,156.46637709859021,153.41709384738743
152.05474204730808,151.48445327008983,153.3036340473593,150.22829646910975
149.90114958127808,149.38475911416984,151.12498839805045,148.20697648658876
