Open,Close,High,Low
161.49714132446448
160.47315217275388
161.43451002341374
158.9943503156178
160.28372510754463
158.98804731605026
159.85688264229327
160.98452877194083
161.4217554199185
160.8669573516003
