Open,Close,High,Low
210.33416896504036
220.92554756596172
227.1747594234719
228.7248581718021
224.48370015194143
201.6852642854192
220.01523924894312
230.96778029071342
224.91471924838973
225.7415857789952
