Open,Close,High,Low
197.62130816497165,196.066757062761,199.3260527138372,192.45696092619787
196.80177023165484,195.25848774831462,198.50840630811948,191.65541066732507
196.90058720234813,195.32155414738574,198.55700816632782,191.7564413198724
