Open,Close,High,Low
213.64910636824487,211.74995375394997,213.9598499498762,210.9837385773218
213.22016286347719,211.33881536534935,213.5542235919213,210.5589050357658
210.16330945569968,208.33255867481347,210.46567362143827,207.59226319372573
