Open,Close,High,Low
273.3345262933125
270.53295733386426
271.9236028979998
268.38647284820604
270.9699429542475
270.4379207311342
271.38173722688646
273.2714384915117
272.27995869641103
274.62719152207524
