Open,Close,High,Low
202.42689416669432,202.02643997451284,205.62907202074308,200.64936539887145
206.8292724942042,206.4193338137503,210.04885010035525,205.03183001361543
204.1824231223037,203.78837117311127,207.40403178286027,202.3958394232785
