Open,Close,High,Low
206.94451878147441
207.14338578790654
216.91919637592548
212.34095378185708
215.09086510574753
209.490140090554
215.32172849886524
218.85474517368448
215.3706693970419
222.05494462336407
