Open,Close,High,Low
56.56010600010468
55.75495805177434
56.12888391575557
55.47934877787009
56.69574974809222
54.692479656068095
56.38771119409718
56.56019550133769
56.774178546946445
56.705383990012415
