Open,Close,High,Low
46.18628802900735,46.471914987609026,46.857396995567065,45.93707705832328
46.47373123223437,46.754859771511065,47.14609383742115,46.214101439164295
46.307259818432534,46.58948670738643,46.97735606812756,46.05072217538126
