Open,Close,High,Low
162.52594217506405
162.31913385960286
159.38698956200133
158.59377597694032
160.19396560704186
157.59451949405008
159.91208864362912
161.49791351790964
158.895415772654
159.69461969177246
