Open,Close,High,Low
158.63303833942967,159.18951797605854,160.95488246318567,157.4241368836042
157.02955310199678,157.60867773367073,159.36222372830736,155.8077668094228
155.4381328744548,156.00421110680873,157.6376590645149,154.33713565270335
