Open,Close,High,Low
91.38574280532413,91.84714994860306,92.09276892526768,90.4966959210563
91.25863981987028,91.71990484052895,91.95523355771768,90.35885912252945
91.21917052827462,91.68380899829329,91.91977364708691,90.32494728503639
91.50030193849354,91.95704475989436,92.20644525137229,90.60838111690758
92.22606014295508,92.67602189680952,92.97556671082594,91.37829072551304
91.73973777274315,92.20573068922052,92.48608000217648,90.89406658285439
91.48391722059753,91.94157137361145,92.19078394545127,90.59313529999062
91.07283171073873,91.54238627896758,91.77202887855404,90.17940984614971
90.4484954613739,90.89391239239208,91.04954678283231,89.44983894864046
90.23818772279103,90.66279324589941,90.78312700432836,89.17917128603334
