Open,Close,High,Low
101.96828234503295,102.5717496241159,103.21015731623598,101.95831698773802
102.1770313266672,102.70946578563913,103.28189315172641,102.18664957306797
100.91639110313886,101.47272701996262,102.08637324162665,100.92595577008859
101.41679300186827,101.96651576219678,102.57013643970161,101.42205759005013
98.52919650143626,99.10845883060979,99.767248852788,98.56154359580161
100.49262430712312,101.08875195467503,101.71839905076173,100.52067435857313
102.8815901361612,103.44058026233921,104.04455125381682,102.85987475432934
102.3486553833505,102.87162638008476,103.4423790149705,102.35029333371413
101.58439309244949,102.13555949622662,102.78046095166587,101.54220973795985
94.68182045267488,95.30385797256369,96.00573254714068,94.79316086274963
