Open,Close,High,Low
88.38317113529627
89.21490291069202
88.41350829594984
88.5678170296805
88.58805406832145
88.69762843390828
88.46897092276022
88.42711179101549
88.40495091961023
87.96051401281291
