Open,Close,High,Low
54.11812255970866
54.11221720556075
53.32595335233717
53.14520439939333
53.17726140789872
54.13841626964698
53.91911634459554
54.09534860775279
54.6105909673002
53.687035909771566
