Open,Close,High,Low
54.50278700979217,54.63470476100744,54.950106588172986,53.79920093957089
54.347389642386425,54.491882753395565,54.80971463019027,53.64783141492746
53.10327376192835,53.239456331415525,53.567638314881385,52.401948675058314
