Open,Close,High,Low
325.4658500910791
329.78363760654213
317.0617752504587
315.99472408388567
332.0770867071749
319.76286025775494
328.7306292596162
331.14646748829085
331.72403127701654
319.9286757168682
