Open,Close,High,Low
329.2468669570144,326.9694238524939,334.4622625474419,326.8519627214082
327.2425131097889,324.9857637696547,332.49561552709866,324.81614930505765
324.9028918242085,322.6275067510861,329.9905128500649,322.5764425508993
