Open,Close,High,Low
323.57959300858283
323.2197432721728
316.38241123984193
318.8806060268629
326.2561594140991
317.58966034536223
319.70982180251303
327.9190311451978
331.9575617123971
331.26377142059863
