Open,Close,High,Low
292.6213649326215,292.2280306367356,295.2917347865174,288.486848775013
292.68553286955427,292.2926291548851,295.3512063530062,288.49045207305943
290.8540867518615,290.481753850004,293.48761466033676,286.75339196847403
