Open,Close,High,Low
193.34714833228364
193.5996470386106
193.01742020704046
193.6122002885961
192.93151234810088
193.9001186773026
193.344861372203
192.6890120424091
192.8200908481951
193.48893098572887
