Open,Close,High,Low
195.807010473284,196.1661091903677,198.6799000678151,194.12899366229482
195.99542565923667,196.35304559150188,198.86780750640074,194.31592495495335
193.40115485256942,193.78560192712376,196.33056100675802,191.71164208763614
