Open,Close,High,Low
141.2919609759204
142.16471305941752
143.7011425311476
140.9020995692838
145.6863055400685
143.81254311161874
147.0998377072973
146.3857885475602
146.14192725663634
146.4834313054045
