Open,Close,High,Low
119.3508629068373,118.57519141616183,120.36031595493588,118.18992946921392
120.14301206371317,119.3584944077125,121.14192461533688,118.98989597945655
119.10281656502418,118.33138139865004,120.12090378851045,117.930762868599
