Open,Close,High,Low
31.13375877012527
32.93040474599322
33.20718410264511
33.339462066582485
34.368160353039045
31.477583047433384
33.528212710191625
34.03319079592725
34.68420359515434
34.57103908502826
