Open,Close,High,Low
30.084104021214166,30.019143532131597,30.782440651381894,29.819193759491498
29.881481861666,29.8183652501882,30.585909267497502,29.614349013786583
29.08207246380226,29.02489085015403,29.790724511356363,28.817604568989875
