Open,Close,High,Low
175.89104832849142
169.13714881820235
163.97836220813446
164.6364557013703
162.48936904959305
167.60020986111215
169.50365611388978
161.33193885384333
163.4649980573921
161.93721252204375
