Open,Close,High,Low
161.4775847452119,160.86936050110785,161.75833699040086,159.38109095563678
161.59119641444568,160.9828186692348,161.88225880836868,159.4877021857104
161.12926823587276,160.5270320784433,161.42627179497518,159.03189236301057
