Open,Close,High,Low
149.35091658137506
145.5589050898076
151.33307951579624
145.69161746909785
145.2271002638599
149.39268030913155
147.67088323990734
149.3806172839395
150.01325912215233
148.7498761124038
