Open,Close,High,Low
137.3846472950484,137.5947280451826,137.54924523497746,135.48703826486152
137.69925283560377,137.90557877524714,137.8879437427136,135.77718841743595
137.06627340241386,137.27744150170648,137.23010776840408,135.1694041002366
