Open,Close,High,Low
63.1401629100832,63.85412088593305,64.48985674973613,63.17005996564927
63.06984337030204,63.77895632959319,64.41309391565099,63.10045929532936
63.27448476636644,63.989993074663715,64.63138883399729,63.30352081863413
