Open,Close,High,Low
61.13698763527545
61.37721984255344
60.40164672942023
59.74199666329805
60.69571228455872
60.54999076513101
60.75164261498741
61.10990498396046
60.56981162984799
60.77586574461852
