Open,Close,High,Low
293.9571095620573,292.618372845302,295.53440264554825,291.0333104788168
293.22955664380913,291.89888101736676,294.80593876077984,290.3143841006262
292.2804502162389,290.9761368744739,293.8574190860079,289.4032364548786
