Open,Close,High,Low
280.5122226541685
282.72736963170024
279.8325982639958
281.8739605762846
285.3362976548725
285.2522107801375
287.36898640189366
284.2525927298322
284.7886864653103
286.52165534586123
