Open,Close,High,Low
108.58125669690942,108.37094438159906,110.36437747785646,107.42087822914397
108.52908889726277,108.31838231627441,110.32951577135881,107.34926073786357
108.4646624078302,108.25087304373452,110.2361790528521,107.31220483294548
