Open,Close,High,Low
103.78775619633019
100.79643358862255
100.79748726017608
100.69607694391988
102.22103254527025
101.01640264608622
101.10159406033264
112.24155725146346
107.52779998350883
104.51874004076716
