Open,Close,High,Low
116.57869059201813,117.01688718372925,118.69635644617892,115.88073665625888
116.59344656726661,117.0279531544503,118.71780711558338,115.89069301922316
116.36087990224686,116.79600488987768,118.47143389226017,115.66068782920789
