Open,Close,High,Low
110.63237755743745
110.12530335939488
110.52730360369281
106.67561232006456
111.65534504563612
109.31141341869076
109.96716989082779
109.41956697512873
110.65602324248508
111.24580171318678
