Open,Close,High,Low
300.10919028740096,300.044572758821,302.50961598766776,294.95402567337055
302.3829311331881,302.31406426748225,304.817274823979,297.18771106151064
301.3877048936979,301.3194077195766,303.8080927531537,296.20557470005497
