Open,Close,High,Low
314.71335997949495
316.16224729907714
328.3338560099122
327.9023134041846
331.05718721401456
323.57507119702495
325.50705468815613
329.0955821539354
333.3807561928762
329.3318860470778
