Open,Close,High,Low
110.85360710275226
101.34305859400578
107.16099091042489
98.46724377335204
93.73387582788573
98.07275339297517
101.91458771575299
103.14125139341922
103.08094710500282
105.33684224228367
