Open,Close,High,Low
127.8350018501525,128.17402316297822,128.41620125637775,126.51209222778144
126.79737505676519,127.1597048525997,127.41253047742985,125.48125775011835
125.2675397840612,125.64358747214044,125.86810790604042,123.98485030923935
