Open,Close,High,Low
150.38804810582707
153.45290172659742
150.9009345009051
152.56578568576305
155.0444224906771
152.89221102307226
154.6916597589607
153.7038722550117
153.66883379064106
153.94802912915148
