Open,Close,High,Low
153.50860175198702,153.83962355467105,154.50101395418977,151.66179322298703
152.90929793336883,153.23576003982134,153.8901161845988,151.07553952843105
153.43029058514128,153.75760613308637,154.4134146406334,151.58609574167957
