Open,Close,High,Low
163.01301153730827
159.0440814494291
161.33451791023307
157.87624906718702
159.1414841411245
162.6342730556863
160.9574627331174
159.65197579743187
159.9341217877337
161.0774579377609
