Open,Close,High,Low
182.2682229120631,182.54367844163437,184.09658810343785,180.86799676796576
181.50146120378506,181.78682346770856,183.30998187507458,180.1112797216656
181.11675113680764,181.39463788315973,182.88397839040337,179.75432285724307
