Open,Close,High,Low
486.98565588789944
500.75372600352114
493.59646262644463
487.4814670880151
487.7366811930405
489.63582260839235
487.80654271961214
491.7269998548393
491.5928762836388
491.34117748613585
