Open,Close,High,Low
494.73715309462284,493.09797075599226,500.7117266118631,486.3023601571566
492.5431137247708,490.8974320878575,498.46616416955726,484.1405326610824
490.80737859538954,489.1619635392759,496.6981932904579,482.4279789470937
