Open,Close,High,Low
234.099041116041
237.3049924922791
236.7284599775827
238.214635675775
239.54918478608465
235.8112299536706
240.92911410166033
240.35609639438846
241.3353682803645
241.20570005384798
