Open,Close,High,Low
228.94980307516997,228.5410860326577,230.93322208632154,226.84788261054172
228.3953753799002,227.9951959508349,230.42073176470802,226.29024943346275
227.22885287387848,226.82286586107884,229.21285386283023,225.1536078737596
