Open,Close,High,Low
37.70320321608374,37.70962911761707,38.053004406880625,37.01121699306971
37.700933065896855,37.70841978892699,38.05319546404809,37.00673050064255
37.676999394934725,37.68081373400168,38.02573723897452,36.984389847039026
