Open,Close,High,Low
34.974909092372265
35.13368949523163
34.79054764179607
34.986482053037285
34.882908782549436
35.24403365200419
35.009076758489485
35.09067664737344
37.02005185358739
35.85018137586997
