Open,Close,High,Low
28.863185055385046
28.627201193576475
28.65003274826593
28.87091116698337
28.84491384552414
28.18653317109657
28.251720373298262
28.22620966263227
28.55355143815452
28.47977863172737
