Open,Close,High,Low
31.958358983337575,31.79111883771265,32.20998483524261,31.01667832538941
32.04816096417442,31.880763729105563,32.30172566367199,31.105900118870977
31.803745913295106,31.63816897237658,32.05427744430115,30.861734100219056
