Open,Close,High,Low
145.24682007400563
152.41364657844625
154.05753425543045
152.76814280174628
154.7671571964046
151.88680913449457
153.99938866315304
155.42030063409956
156.1424207654935
156.39339103091422
