Open,Close,High,Low
152.43123528685362,151.53056092368485,152.70442367419204,149.97509221841315
152.25679607728026,151.36451992526037,152.54103082619477,149.7914910711007
152.39233470458043,151.48717818119206,152.66622546308807,149.93211974422113
