Predicted Open,Predicted Close,Predicted High,Predicted Low
1.7922089,1.8095726,1.798642,1.8267738
1.8043534,1.82204,1.8110789,1.8392438
1.8099283,1.8277004,1.8167454,1.8448738
