Predicted Open,Predicted Close,Predicted High,Predicted Low
1.893137,1.8699644,1.8869498,1.9274626
1.9051607,1.8818333,1.8989297,1.9395337
1.9108633,1.8874872,1.9046261,1.9452447
