Predicted Open,Predicted Close,Predicted High,Predicted Low
2.0012643,2.010073,2.032139,2.0507128
2.0150692,2.0237753,2.0459912,2.0645463
2.0392773,2.0477974,2.0702753,2.0887463
2.0575986,2.065988,2.088658,2.107078
2.0644405,2.0727744,2.0955205,2.113915
2.0663507,2.0746727,2.097438,2.1158223
2.0892472,2.0974002,2.1204083,2.138721
2.0914326,2.0995648,2.1225986,2.140883
2.0875554,2.0957172,2.1187088,2.137026
2.0721467,2.0804236,2.1032505,2.121603
