Predicted Open,Predicted Close,Predicted High,Predicted Low
1.0489362,1.0532322,1.089437,1.082467
1.0307319,1.0352358,1.0717454,1.0639012
0.9978677,1.0020626,1.0386099,1.0310355
