Predicted Open,Predicted Close,Predicted High,Predicted Low
0.79988587,0.7711093,0.7884917,0.801786
0.7893891,0.7608289,0.7779982,0.7911175
0.7484731,0.7207506,0.73702204,0.7495311
0.6973203,0.6706347,0.68570036,0.69760174
0.81395686,0.7849135,0.8025292,0.8160701
0.83095556,0.8015542,0.8195336,0.8333811
0.96956134,0.9374286,0.95723295,0.9742758
1.0112916,0.97842693,0.99840033,1.0165639
0.9909604,0.9584526,0.97836375,0.9959631
0.9564306,0.92457163,0.94425213,0.96091807
