Predicted Open,Predicted Close,Predicted High,Predicted Low
0.74048907,0.7393198,0.71768075,0.7565697
0.7312188,0.73005736,0.7081723,0.74745244
0.73202074,0.7309071,0.7090317,0.74823076
0.74458635,0.74326813,0.72147804,0.7606909
0.7562435,0.75459033,0.73287165,0.7721809
