Predicted Open,Predicted Close,Predicted High,Predicted Low
1.2605287,1.2993687,1.270117,1.2721707
1.2998194,1.3390896,1.3100498,1.311174
1.3027364,1.3420572,1.3130873,1.3139973
1.3576599,1.397483,1.3687818,1.3686289
1.304612,1.3439358,1.315028,1.3158382
