Predicted Open,Predicted Close,Predicted High,Predicted Low
1.742369,1.8072641,1.8547106,1.7655331
1.7190218,1.7847587,1.8297712,1.7442589
1.7334881,1.7987183,1.8452067,1.7574788
1.753044,1.8175342,1.8661196,1.7752515
1.7810694,1.8446128,1.8962643,1.8006638
1.7824095,1.8458891,1.8977189,1.8018303
1.7467062,1.8113585,1.8593152,1.7694169
1.75305,1.817559,1.8661497,1.7752421
1.7058463,1.7720649,1.8157722,1.7321823
1.6783375,1.7454981,1.7866259,1.706873
