Predicted Open,Predicted Close,Predicted High,Predicted Low
1.2899013,1.2741337,1.2761662,1.289024
1.1990075,1.184836,1.1880591,1.1976511
1.138217,1.1255089,1.1273668,1.1397315
