Predicted Open,Predicted Close,Predicted High,Predicted Low
-0.2387556,-0.2560549,-0.2477959,-0.2692531
-0.24827255,-0.26543787,-0.25720268,-0.27865386
-0.24712503,-0.26470575,-0.25664353,-0.27746895
