Predicted Open,Predicted Close,Predicted High,Predicted Low
-0.113144256,-0.11801872,-0.12169394,-0.10602939
-0.113410585,-0.11822349,-0.12200369,-0.106193505
-0.13081366,-0.13531953,-0.13917477,-0.12346707
-0.12524277,-0.12982816,-0.133753,-0.117933124
-0.15703887,-0.1611476,-0.16502331,-0.14963529
