Predicted Open,Predicted Close,Predicted High,Predicted Low
1.4226052,1.386131,1.3830597,1.4211437
1.4143195,1.3781866,1.3753138,1.4128277
1.3552717,1.3200969,1.3163344,1.3547565
