Predicted Open,Predicted Close,Predicted High,Predicted Low
1.3465898,1.3270602,1.3440802,1.3376948
1.3889052,1.3688473,1.3863612,1.3795041
1.400471,1.3803006,1.3979833,1.3907754
1.3906765,1.3706225,1.3881366,1.3812157
1.3642478,1.3445312,1.3616655,1.3551242
