Predicted Open,Predicted Close,Predicted High,Predicted Low
1.670352,1.6608925,1.7062999,1.6844133
1.6736444,1.6643358,1.7096802,1.6873103
1.6756377,1.6663829,1.711743,1.6892151
1.7230164,1.7149109,1.7607757,1.7347512
1.8251779,1.8194326,1.8663161,1.8324964
1.8255374,1.8198422,1.8666618,1.8325928
1.8504188,1.8451866,1.8923343,1.8564664
1.8515092,1.8463268,1.893438,1.8573105
1.7865502,1.7800062,1.8264245,1.7953916
1.792374,1.7859197,1.8324535,1.8011329
