Predicted Open,Predicted Close,Predicted High,Predicted Low
1.3011698,1.2721126,1.2988539,1.2372631
1.3062893,1.2770892,1.3039998,1.242128
1.4378133,1.4043553,1.434957,1.3678879
1.4457033,1.4119902,1.442818,1.3754401
1.3582929,1.3273873,1.3556924,1.291876
1.3128387,1.2834208,1.3104993,1.2483976
1.360811,1.3298355,1.3582292,1.2942634
1.4001004,1.3678577,1.3973596,1.3318374
1.4227371,1.3897617,1.4199196,1.3534753
1.3700525,1.3387635,1.3673936,1.3031222
