Predicted Open,Predicted Close,Predicted High,Predicted Low
0.9728382,0.96834713,0.9842047,0.98971385
1.0421737,1.0376427,1.0529795,1.0598204
1.000487,0.99614066,1.0118243,1.0176523
