Predicted Open,Predicted Close,Predicted High,Predicted Low
1.0710645,1.0540429,1.0717605,1.0852364
1.1423424,1.124529,1.1423892,1.1566128
1.1165634,1.0989308,1.1167485,1.1306645
1.1115017,1.0939655,1.1117562,1.125668
1.0577391,1.0407577,1.0584146,1.0718242
