Predicted Open,Predicted Close,Predicted High,Predicted Low
0.82182634,0.8685282,0.8634066,0.9485047
0.81358725,0.85993207,0.85481024,0.9394332
0.80626935,0.8522836,0.8471659,0.9313615
0.8601236,0.9084937,0.9034427,0.9907198
0.90137964,0.95158166,0.9467484,1.0363067
0.9181295,0.9690671,0.96435946,1.0548209
0.9804889,1.0341562,1.0301219,1.1238208
1.0184121,1.0737895,1.0703405,1.1658968
0.9821627,1.0359337,1.0319297,1.1257114
0.92491746,0.9761614,0.97151065,1.0623374
