Predicted Open,Predicted Close,Predicted High,Predicted Low
0.62369287,0.6183939,0.61977345,0.627403
0.6614374,0.65649307,0.65822643,0.66511416
0.76636773,0.76068866,0.7625992,0.77051544
0.7463898,0.74060017,0.742416,0.75046706
0.7581998,0.7524658,0.7543304,0.76231503
