Predicted Open,Predicted Close,Predicted High,Predicted Low
0.53478295,0.5615152,0.5587224,0.5519858
0.56280106,0.5890884,0.5865918,0.57925224
0.5465745,0.57297266,0.57030267,0.56317145
