Predicted Open,Predicted Close,Predicted High,Predicted Low
1.7447523,1.7862544,1.7782686,1.7363435
1.6607124,1.7014288,1.692587,1.6549727
1.734418,1.7757934,1.7677299,1.7263386
1.6339163,1.6741428,1.6651424,1.628999
1.7928077,1.8349437,1.8273076,1.7827694
