Predicted Open,Predicted Close,Predicted High,Predicted Low
1.8006417,1.8219527,1.8350397,1.8136992
1.7346284,1.7569363,1.7699996,1.746625
1.6691118,1.6909482,1.6995728,1.6855985
