Predicted Open,Predicted Close,Predicted High,Predicted Low
2.277782,2.1857276,2.3081431,2.180684
2.2868702,2.193152,2.3169396,2.1894395
2.28347,2.1899993,2.3134985,2.186254
2.2302022,2.142792,2.260427,2.1356955
2.2779222,2.1851275,2.3079875,2.1809788
2.2551587,2.164839,2.2852552,2.1593893
2.2557232,2.1655846,2.2859175,2.159882
2.235425,2.1471243,2.2655177,2.1407225
2.106228,2.0309513,2.1364381,2.0183687
2.1159844,2.0404992,2.1464355,2.0274699
