Predicted Open,Predicted Close,Predicted High,Predicted Low
-1.0257006,-1.008272,-1.028594,-1.0263963
-1.030542,-1.0131329,-1.0337832,-1.031716
-1.0320454,-1.0145118,-1.0351211,-1.0330248
-1.021337,-1.0040739,-1.024305,-1.0220859
-0.9936926,-0.9766082,-0.9952861,-0.99237186
-1.0122168,-0.99457383,-1.0137544,-1.0110601
-1.0219611,-1.004665,-1.0248959,-1.0226743
-1.0376195,-1.0199143,-1.0406955,-1.0386417
-1.0614007,-1.0446867,-1.0679547,-1.0667989
-1.0694114,-1.0535157,-1.0780067,-1.0772451
