Predicted Open,Predicted Close,Predicted High,Predicted Low
-0.59147924,-0.5861935,-0.5933756,-0.5565742
-0.6320329,-0.62674093,-0.63177896,-0.5992085
-0.9217206,-0.91390216,-0.91761154,-0.88662237
