Predicted Open,Predicted Close,Predicted High,Predicted Low
-0.90026814,-0.8866402,-0.91200066,-0.90265673
-0.86482805,-0.85150975,-0.8764849,-0.8668142
-0.92597264,-0.91214985,-0.9376513,-0.92887306
-0.9328119,-0.91888565,-0.9445317,-0.93563855
-0.9663772,-0.95221484,-0.978108,-0.96977
