Predicted Open,Predicted Close,Predicted High,Predicted Low
0.14871895,0.16683605,0.12013268,0.15167858
0.13083038,0.15041146,0.10389013,0.13430119
-0.012386036,0.006381903,-0.039811026,-0.008727536
