Predicted Open,Predicted Close,Predicted High,Predicted Low
-0.13753185,-0.119622074,-0.16654155,-0.10729861
-0.09266459,-0.07518972,-0.120773576,-0.062548
-0.096008964,-0.07880377,-0.124015525,-0.06622554
-0.11233589,-0.09490486,-0.14070493,-0.082433164
-0.08807451,-0.07087841,-0.115975216,-0.058242213
