Predicted Open,Predicted Close,Predicted High,Predicted Low
1.3462902,1.3066624,1.273256,1.2305193
1.3638606,1.3238237,1.2900858,1.2475371
1.3699644,1.3298405,1.2959157,1.2534685
1.4204769,1.3796456,1.3440781,1.3027267
1.4707849,1.4294299,1.3918654,1.3521001
1.454023,1.4127777,1.3759487,1.3356338
1.4327375,1.3917761,1.3557382,1.3147303
1.423492,1.3825979,1.3469468,1.3056797
1.3274536,1.2879816,1.2552761,1.2122518
1.2561291,1.2181566,1.1868699,1.1436434
