Predicted Open,Predicted Close,Predicted High,Predicted Low
1.34221,1.3560551,1.3329111,1.3791244
1.3367646,1.3504763,1.3275148,1.3735864
1.3075182,1.3208209,1.2986302,1.3438318
1.2754143,1.2883518,1.2667923,1.3113256
1.2677922,1.2806133,1.2592298,1.3036127
