Predicted Open,Predicted Close,Predicted High,Predicted Low
1.2144221,1.1824764,1.2396379,1.2318558
1.1860601,1.1543925,1.212096,1.2026885
1.152954,1.1210052,1.1770133,1.1706
