Predicted Open,Predicted Close,Predicted High,Predicted Low
0.94176173,0.9661836,0.9583736,0.95856106
0.99493265,1.0193818,1.0116153,1.0114812
0.9593265,0.9837077,0.9759425,0.9758539
0.94625723,0.97064036,0.9628559,0.96293163
0.99212575,1.016568,1.0088003,1.0086799
