Predicted Open,Predicted Close,Predicted High,Predicted Low
1.0483055,1.0424421,1.044535,1.0334799
1.0491028,1.0432447,1.0452654,1.0335252
1.0263467,1.0207456,1.0223777,1.0116872
