Predicted Open,Predicted Close,Predicted High,Predicted Low
1.1246827,1.1611061,1.1563462,1.1627066
1.1478673,1.1841632,1.1791817,1.1858548
1.1082996,1.1448175,1.1401416,1.1464455
1.125166,1.1615906,1.1568176,1.1632018
1.1349204,1.1712972,1.1664225,1.1729494
1.1200622,1.156516,1.151771,1.1581318
1.1420089,1.1783398,1.1734152,1.1800027
1.1482887,1.1845835,1.1795897,1.1862857
1.1319069,1.168297,1.1634603,1.1699284
1.1405587,1.1769066,1.1719735,1.1785831
