Predicted Open,Predicted Close,Predicted High,Predicted Low
-0.45459232,-0.42810512,-0.3912691,-0.43358704
-0.44325858,-0.41684756,-0.37986955,-0.42240727
-0.59931177,-0.57146245,-0.53379357,-0.5781612
