Predicted Open,Predicted Close,Predicted High,Predicted Low
-0.4493316,-0.45057362,-0.41644028,-0.45009518
-0.31750232,-0.31714863,-0.28589585,-0.31623843
-0.31011167,-0.30953088,-0.2777786,-0.3080264
-0.36513382,-0.36518636,-0.33261865,-0.36422324
-0.44465572,-0.4455525,-0.4111143,-0.44467795
