Predicted Open,Predicted Close,Predicted High,Predicted Low
-1.1894352,-1.2381438,-1.2014463,-1.1841693
-1.1388589,-1.1881282,-1.1512176,-1.1334368
-1.2052722,-1.2537116,-1.2168317,-1.2006052
