Predicted Open,Predicted Close,Predicted High,Predicted Low
-0.68884355,-0.72876614,-0.71699053,-0.70306975
-0.63599676,-0.67496854,-0.6641815,-0.6493365
-0.5618209,-0.59944206,-0.5897374,-0.57426643
-0.5411915,-0.57839996,-0.56909776,-0.5532718
-0.5111872,-0.547795,-0.53895307,-0.5230433
