Predicted Open,Predicted Close,Predicted High,Predicted Low
-1.2331406,-1.2412063,-1.1968603,-1.2300935
-1.2524148,-1.260314,-1.2153046,-1.2498571
-1.3284577,-1.3358275,-1.289932,-1.3267277
