Predicted Open,Predicted Close,Predicted High,Predicted Low
-1.3987864,-1.4016819,-1.3947755,-1.4321187
-1.3638927,-1.3666711,-1.3607959,-1.3960019
-1.3315299,-1.3342309,-1.3293582,-1.3625026
-1.3075624,-1.3101934,-1.3060576,-1.3376747
-1.3477755,-1.350538,-1.3452104,-1.3793094
