Predicted Open,Predicted Close,Predicted High,Predicted Low
0.82151973,0.81873757,0.80912554,0.81910455
0.89076984,0.88831073,0.8778941,0.88919556
0.8953017,0.8927937,0.8823661,0.8937361
0.881989,0.8794641,0.86916345,0.8802866
0.9146267,0.91215503,0.9015362,0.9132697
0.96106344,0.95847505,0.9475234,0.9600834
1.0376635,1.0345955,1.0232888,1.037133
1.0727227,1.0691683,1.0578685,1.0722309
1.0743763,1.0708157,1.059507,1.0738949
1.0568832,1.0535771,1.0422571,1.0563891
