Predicted Open,Predicted Close,Predicted High,Predicted Low
1.0393023,1.0143148,1.0033495,1.0033016
1.0439886,1.018995,1.0084184,1.0077367
1.0249348,1.0001936,0.9897667,0.9887747
