Predicted Open,Predicted Close,Predicted High,Predicted Low
0.88934916,0.88137007,0.9077909,0.8965668
0.8635901,0.8553879,0.8816273,0.8706452
0.8880254,0.880046,0.90641916,0.8952867
0.8221268,0.813537,0.8396778,0.82878304
0.8096424,0.80093706,0.8269759,0.8162049
