Predicted Open,Predicted Close,Predicted High,Predicted Low
1.0749824,1.0825224,1.039414,1.0570755
1.0849924,1.0924191,1.0500904,1.0664016
1.0648525,1.0724208,1.0293542,1.046866
