Predicted Open,Predicted Close,Predicted High,Predicted Low
1.1392028,1.1103616,1.0840582,1.1210449
1.1433372,1.1144243,1.088098,1.1251718
1.1588289,1.1296695,1.1032585,1.1406397
1.1539315,1.1248455,1.0984625,1.1357493
1.178945,1.149455,1.1229475,1.1607261
1.1839775,1.154372,1.127853,1.165748
1.1947786,1.1650307,1.1384524,1.1765382
1.225932,1.1956208,1.1689351,1.2076501
1.1961653,1.1663647,1.1397893,1.177921
1.2065282,1.1765479,1.1499327,1.18827
