Predicted Open,Predicted Close,Predicted High,Predicted Low
1.2046494,1.1847484,1.1892095,1.1961958
1.2545838,1.2340578,1.2385224,1.2458581
1.2576175,1.2370037,1.2415373,1.2488292
1.2395544,1.2190933,1.2237514,1.2307816
1.1837637,1.1640557,1.168593,1.175435
