Predicted Open,Predicted Close,Predicted High,Predicted Low
1.5874274,1.5683384,1.6740406,1.6175157
1.6010813,1.5824064,1.6895832,1.6313552
1.616508,1.5983198,1.7072016,1.6469857
1.6070944,1.588605,1.6964438,1.6374137
1.6115235,1.593177,1.7015073,1.6419361
1.6551,1.6382046,1.7514982,1.686012
1.6628082,1.646193,1.7604086,1.6938056
1.732445,1.7185007,1.841368,1.7639306
1.7105194,1.6956804,1.8157126,1.7418736
1.7008373,1.6856272,1.8044584,1.7321391
