Predicted Open,Predicted Close,Predicted High,Predicted Low
1.9681871,2.068261,2.092322,2.0431511
1.9583603,2.057756,2.0816853,2.0333169
1.9869579,2.0872505,2.1119335,2.0620084
