Predicted Open,Predicted Close,Predicted High,Predicted Low
1.8827227,1.910186,1.884381,1.8907366
1.8543046,1.8815482,1.8559783,1.862423
1.8594167,1.8866947,1.8610897,1.867497
1.7656717,1.7922273,1.7677686,1.773687
1.703963,1.7300547,1.7059946,1.712907
