Predicted Open,Predicted Close,Predicted High,Predicted Low
1.909276,1.9061017,1.9056458,1.9092005
1.9068033,1.9036794,1.9032233,1.9067452
1.9217852,1.9184304,1.9180267,1.9216803
1.8844097,1.8815366,1.8810707,1.884344
1.8332119,1.8311709,1.8304614,1.8333592
