Predicted Open,Predicted Close,Predicted High,Predicted Low
1.6914681,1.7293372,1.6280851,1.7013395
1.7005924,1.7381738,1.636022,1.7105228
1.7287185,1.7640563,1.65891,1.7394756
1.7484251,1.7820122,1.6747426,1.7598642
1.7538824,1.7869494,1.6790874,1.7655298
1.752161,1.7853935,1.6777179,1.7637415
1.7793896,1.8100244,1.6993803,1.7920271
1.808383,1.8352742,1.721391,1.8226655
1.8062419,1.8334142,1.7197667,1.8204013
1.8050189,1.832484,1.7189903,1.8190343
