Predicted Open,Predicted Close,Predicted High,Predicted Low
2.0587993,2.0343313,2.0475647,2.0471232
2.0459285,2.0216029,2.0347738,2.0342999
2.0291383,2.0052788,2.018119,2.018048
