Predicted Open,Predicted Close,Predicted High,Predicted Low
-2.3653214,-2.3684616,-2.3423173,-2.3803067
-2.3716702,-2.3747935,-2.3487215,-2.3867636
-2.3656652,-2.3687458,-2.3425944,-2.3805707
-2.3413687,-2.344552,-2.318164,-2.3559217
-2.3273704,-2.3304853,-2.304009,-2.3415408
