Predicted Open,Predicted Close,Predicted High,Predicted Low
-2.1332822,-2.1371691,-2.1133895,-2.1272368
-2.1350372,-2.1389365,-2.1145604,-2.1296515
-2.1372046,-2.1412065,-2.1176953,-2.1309009
