Predicted Open,Predicted Close,Predicted High,Predicted Low
-2.40688,-2.380872,-2.3933723,-2.3598275
-2.4038742,-2.3777163,-2.3904278,-2.3571486
-2.4095135,-2.3834503,-2.3959382,-2.3623269
-2.3989995,-2.3727708,-2.385662,-2.3526437
-2.3905761,-2.3642068,-2.377419,-2.3448553
-2.391944,-2.365505,-2.378749,-2.346196
-2.3832393,-2.3567195,-2.370232,-2.3380613
-2.3761344,-2.3493733,-2.3632598,-2.3315463
-2.392083,-2.3656805,-2.378889,-2.3463018
-2.3970623,-2.3707645,-2.3837636,-2.3508892
