Predicted Open,Predicted Close,Predicted High,Predicted Low
2.472274,2.518255,2.4399695,2.4544933
2.5175698,2.56601,2.4855907,2.5009933
2.5362613,2.5855424,2.5042531,2.5203457
2.5183465,2.5666683,2.48629,2.5018854
2.5100458,2.5580423,2.4780166,2.4932745
2.4831007,2.5295868,2.450863,2.465645
2.4906158,2.5375993,2.4584916,2.4732904
2.5029516,2.5504792,2.4708455,2.4860344
2.5195262,2.5679822,2.4875202,2.503057
2.543019,2.592649,2.5110128,2.527323
