Predicted Open,Predicted Close,Predicted High,Predicted Low
3.015259,3.0365996,3.0808861,3.033558
3.0162132,3.0373135,3.0822585,3.0342064
3.0011742,3.0223498,3.0664957,3.0192275
