Predicted Open,Predicted Close,Predicted High,Predicted Low
2.9752998,2.967327,2.9870288,2.9737978
2.9511442,2.9432523,2.9627442,2.948906
2.9710765,2.963099,2.9827728,2.9694493
2.975377,2.967411,2.987153,2.9738903
2.9421537,2.9343002,2.9537144,2.9396467
