Predicted Open,Predicted Close,Predicted High,Predicted Low
1.7274355,1.7254612,1.7187247,1.7068976
1.7524549,1.7504251,1.7438382,1.7317638
1.7415038,1.7394841,1.7328556,1.7208303
