Predicted Open,Predicted Close,Predicted High,Predicted Low
1.8293958,1.7985216,1.8240534,1.8023026
1.8612161,1.8298291,1.8553118,1.8335568
1.8689272,1.8374194,1.8628663,1.8411368
1.8897567,1.8579084,1.8833059,1.8615807
1.8718491,1.8403013,1.8657312,1.8439524
