Predicted Open,Predicted Close,Predicted High,Predicted Low
1.7814845,1.7708323,1.728244,1.8124667
1.7596021,1.7488375,1.7071265,1.7898792
1.7733305,1.7626282,1.7203777,1.8040488
1.7969892,1.7863885,1.7432041,1.8284758
1.8326674,1.8222132,1.7775979,1.8653307
1.8480114,1.8376108,1.7923775,1.8811876
1.8997053,1.8894695,1.8421161,1.9346336
1.9215597,1.9114012,1.8631327,1.9572247
1.8684744,1.8581489,1.8120799,1.9023379
1.8386565,1.8282267,1.7833695,1.8715185
