Predicted Open,Predicted Close,Predicted High,Predicted Low
0.6285497,0.6387574,0.62730944,0.63310367
0.61819714,0.62828076,0.6168408,0.6227677
0.5956195,0.6054215,0.5940245,0.6002387
0.6077518,0.61769366,0.60627973,0.6123467
0.62835664,0.6385856,0.6271214,0.6329135
0.7568472,0.76858234,0.75708693,0.76100594
0.78508896,0.797128,0.78558135,0.78911155
0.8446285,0.8569795,0.8454424,0.8483396
0.74411124,0.75576067,0.7442153,0.74830014
0.7134593,0.72479856,0.7132422,0.7177881
