Predicted Open,Predicted Close,Predicted High,Predicted Low
1.1695462,1.1813077,1.1499155,1.1719575
1.139913,1.1522979,1.121537,1.142155
1.096223,1.1089365,1.0778689,1.0988923
