Predicted Open,Predicted Close,Predicted High,Predicted Low
0.77873534,0.75722,0.75773734,0.7542189
0.82844,0.8064589,0.8069281,0.80318505
0.72193104,0.70087546,0.7015031,0.6982415
0.6220636,0.6018119,0.602635,0.5998419
0.5795819,0.5595673,0.5604965,0.558022
