Predicted Open,Predicted Close,Predicted High,Predicted Low
1.3783683,1.4025154,1.3850352,1.3583766
1.4255388,1.450313,1.4329166,1.4045254
1.4292285,1.4540504,1.4366617,1.4081286
1.417192,1.4418571,1.4244429,1.3963673
1.3928208,1.4171625,1.3997039,1.3725309
1.4264146,1.4511994,1.4338057,1.4053795
1.484287,1.5098209,1.49256,1.4618171
1.521729,1.5477388,1.530573,1.4982339
1.5070035,1.5328279,1.5156214,1.4839221
1.5106997,1.5365702,1.5193754,1.4875143
