Predicted Open,Predicted Close,Predicted High,Predicted Low
1.6732875,1.68312,1.6622952,1.6492249
1.6512756,1.6609504,1.6400921,1.627484
1.6704112,1.6801089,1.6591114,1.6464177
