Predicted Open,Predicted Close,Predicted High,Predicted Low
1.6999995,1.6947508,1.6897696,1.6997864
1.6237566,1.619441,1.6141435,1.6242394
1.6269684,1.6226166,1.6172978,1.6274663
1.5517325,1.548261,1.5428565,1.5527148
1.4678965,1.465285,1.4596643,1.4695215
