Predicted Open,Predicted Close,Predicted High,Predicted Low
1.6069576,1.6208135,1.6587173,1.5863734
1.5930244,1.6075482,1.6442664,1.5728662
1.603984,1.6179835,1.6556325,1.5834904
1.5997329,1.6139358,1.6512303,1.579369
1.6359402,1.6482337,1.6888084,1.614518
1.6073164,1.621165,1.6591042,1.5867155
1.5981034,1.6124067,1.649517,1.5777856
1.6739633,1.6839522,1.7283121,1.6515144
1.6264641,1.6392803,1.6789768,1.6053098
1.6129745,1.6265084,1.6649725,1.5922143
