Predicted Open,Predicted Close,Predicted High,Predicted Low
2.028278,2.0391898,2.0398905,2.0380669
1.9970702,2.0083668,2.0081608,2.0069396
1.9814122,1.992395,1.9909769,1.9922563
