Predicted Open,Predicted Close,Predicted High,Predicted Low
2.0386477,2.0627553,2.0777075,2.088356
2.0530212,2.0773578,2.0923858,2.1029372
2.0956798,2.1204495,2.1357648,2.1461406
2.0411398,2.0651493,2.0802886,2.0907602
1.9816538,2.004995,2.0197985,2.0304422
