Predicted Open,Predicted Close,Predicted High,Predicted Low
1.5226011,1.5404676,1.5244445,1.5423224
1.496501,1.5144944,1.4982423,1.515946
1.5029297,1.5208966,1.5046893,1.5224506
1.5029624,1.5209458,1.5047185,1.5225095
1.4944963,1.5125053,1.4962573,1.5139278
