Predicted Open,Predicted Close,Predicted High,Predicted Low
1.717892,1.7257627,1.7204405,1.6916997
1.7253206,1.7329844,1.7278174,1.6990609
1.7492721,1.7562929,1.7515354,1.7227409
1.7495275,1.7565517,1.7517798,1.7229867
1.7439895,1.7511636,1.746301,1.7175158
1.5331141,1.5447603,1.5364368,1.5082321
1.6000308,1.610517,1.6032444,1.5748109
1.5809451,1.5917856,1.5841852,1.5558174
1.5911103,1.601763,1.5943643,1.5659567
1.649939,1.6594045,1.6529628,1.6243788
