Predicted Open,Predicted Close,Predicted High,Predicted Low
1.6661416,1.6544595,1.6730988,1.6421041
1.6499567,1.6382215,1.6567044,1.625984
1.6371526,1.6254153,1.6437968,1.613214
