Predicted Open,Predicted Close,Predicted High,Predicted Low
1.2703454,1.2755156,1.3178723,1.3144804
1.2522998,1.2578423,1.3000029,1.2960134
1.2526802,1.2581882,1.3003697,1.2963994
1.2722768,1.2773674,1.3197709,1.3164551
1.2640363,1.269355,1.3116348,1.3080239
1.2531664,1.2586666,1.3008516,1.2968965
1.2638211,1.269031,1.311378,1.3077908
1.3052706,1.309719,1.3524135,1.3502649
1.295835,1.3005142,1.3431027,1.3405964
1.2911072,1.2958442,1.3384126,1.3357475
