Predicted Open,Predicted Close,Predicted High,Predicted Low
1.3979099,1.3913504,1.3929515,1.4016978
1.388685,1.3822651,1.3845184,1.392314
1.3692757,1.3627539,1.3646426,1.3731867
