Predicted Open,Predicted Close,Predicted High,Predicted Low
1.4334404,1.4126877,1.4181516,1.4350791
1.441709,1.4209349,1.4264548,1.4434263
1.4450775,1.4242679,1.4297987,1.4468086
1.4277462,1.4069896,1.4124038,1.4293282
1.3411556,1.3208069,1.3256557,1.3420899
