Predicted Open,Predicted Close,Predicted High,Predicted Low
-2.7006207,-2.5722215,-2.5720944,-2.678943
-2.6677594,-2.5478926,-2.5488644,-2.6468093
-2.6484385,-2.5332592,-2.5348701,-2.62792
-2.632688,-2.5212567,-2.5233822,-2.612517
-2.638151,-2.5254288,-2.5273793,-2.6178617
-2.617882,-2.5098524,-2.5124629,-2.5980427
-2.5873964,-2.486548,-2.490141,-2.5682442
-2.5644193,-2.4678726,-2.4721658,-2.5457633
-2.6017513,-2.4972007,-2.500328,-2.5822713
-2.6141562,-2.50699,-2.5097191,-2.5943975
