Predicted Open,Predicted Close,Predicted High,Predicted Low
-2.3802547,-2.4437342,-2.342429,-2.4273264
-2.3856974,-2.449334,-2.3478506,-2.4329653
-2.3798757,-2.443329,-2.3420131,-2.426955
-2.3848348,-2.4484224,-2.3469224,-2.4320571
-2.3721402,-2.4353871,-2.3343294,-2.4190414
