Predicted Open,Predicted Close,Predicted High,Predicted Low
-2.369716,-2.3620408,-2.3617299,-2.4211466
-2.3701088,-2.3622496,-2.361697,-2.4219236
-2.37425,-2.367016,-2.3664253,-2.4257927
