Predicted Open,Predicted Close,Predicted High,Predicted Low
-1.3164909,-1.3623929,-1.2852471,-1.3238525
-1.3150796,-1.3609172,-1.2838019,-1.3224661
-1.3259469,-1.3722215,-1.2949883,-1.333181
-1.3204752,-1.36653,-1.2893517,-1.327782
-1.3133808,-1.3591566,-1.2820499,-1.3207895
-1.3168671,-1.3627688,-1.2856501,-1.3242353
-1.3119787,-1.3577029,-1.2806027,-1.3194038
-1.2972674,-1.3424392,-1.2654644,-1.3049073
-1.2943356,-1.339382,-1.2624663,-1.3020324
-1.3143767,-1.3601797,-1.2830877,-1.3217818
