Predicted Open,Predicted Close,Predicted High,Predicted Low
-1.5951928,-1.5912192,-1.6117616,-1.604017
-1.6139752,-1.609871,-1.6304892,-1.6227872
-1.6144406,-1.6103283,-1.6309445,-1.6232433
-1.6292111,-1.6250247,-1.6456485,-1.6380459
-1.609532,-1.6054735,-1.6260383,-1.6183527
