Predicted Open,Predicted Close,Predicted High,Predicted Low
-1.692347,-1.6987226,-1.7057109,-1.7143385
-1.6873468,-1.6937363,-1.7006291,-1.7093465
-1.7009559,-1.7072301,-1.714336,-1.7230077
