Predicted Open,Predicted Close,Predicted High,Predicted Low
1.3414854,1.3673497,1.3220772,1.3607306
1.356399,1.3818963,1.3359431,1.3754865
1.3688482,1.3940665,1.3476155,1.3878062
1.3776588,1.4026902,1.355918,1.3965256
1.3856254,1.4104584,1.3633214,1.404406
1.3960172,1.4205947,1.3729845,1.4146857
1.4024323,1.4268672,1.3789974,1.4210329
1.3955224,1.4200953,1.372443,1.4141954
1.3824878,1.4073967,1.3603897,1.4013026
1.3814573,1.4063803,1.3593948,1.4002814
