Predicted Open,Predicted Close,Predicted High,Predicted Low
1.6275607,1.5971917,1.5924147,1.5874907
1.6216599,1.591572,1.5869395,1.5812182
1.6262448,1.5957234,1.5911347,1.5860226
