Predicted Open,Predicted Close,Predicted High,Predicted Low
1.4461366,1.4445786,1.4502225,1.4478644
1.4916939,1.4897933,1.4956114,1.4931965
1.4536527,1.4520456,1.457705,1.4553577
1.4281044,1.4266539,1.4322395,1.4298933
1.4119824,1.4105937,1.4161563,1.4138013
